{"stats":{"minecraft:custom":{"minecraft:interact_with_furnace":3,"minecraft:mob_kills":19,"minecraft:interact_with_crafting_table":24,"minecraft:open_barrel":1,"minecraft:interact_with_loom":1,"minecraft:leave_game":2,"minecraft:time_since_death":0,"minecraft:climb_one_cm":1008,"minecraft:open_enderchest":1,"minecraft:damage_absorbed":156,"minecraft:time_since_rest":192,"minecraft:walk_one_cm":391314,"minecraft:sprint_one_cm":201445,"minecraft:damage_taken":2688,"minecraft:trigger_trapped_chest":2,"minecraft:drop":8,"minecraft:damage_dealt":3907,"minecraft:swim_one_cm":13972,"minecraft:fly_one_cm":192036,"minecraft:player_kills":2,"minecraft:open_chest":26,"minecraft:crouch_one_cm":10550,"minecraft:play_time":59149,"minecraft:deaths":6,"minecraft:sneak_time":1834,"minecraft:walk_under_water_one_cm":6160,"minecraft:jump":744,"minecraft:walk_on_water_one_cm":11986,"minecraft:total_world_time":59149,"minecraft:fall_one_cm":18579,"minecraft:inspect_dispenser":2},"minecraft:picked_up":{"minecraft:birch_log":11,"minecraft:waxed_oxidized_cut_copper":2,"minecraft:crafting_table":1,"croptopia:radish":1,"croptopia:grape_seed":3,"minecraft:tripwire_hook":1,"minecraft:jungle_log":34,"minecraft:salmon":2,"minecraft:redstone_lamp":5,"minecraft:packed_mud":2,"minecraft:oak_log":10,"iceandfire:ectoplasm":3,"minecraft:brewing_stand":3,"minecraft:cobblestone_stairs":3,"minecraft:waxed_cut_copper_slab":5,"minecraft:moss_carpet":1,"minecraft:dark_oak_trapdoor":2,"minecraft:bone":2,"minecraft:apple":1,"minecraft:cobbled_deepslate":24,"minecraft:spruce_planks":3,"croptopia:tomato_seed":2,"croptopia:raspberry":1,"croptopia:tomato":2,"minecraft:melon_slice":51,"minecraft:bamboo":59,"croptopia:roe":4,"minecraft:black_terracotta":4,"minecraft:book":28,"minecraft:dark_oak_slab":1,"croptopia:peanut_seed":2,"croptopia:peanut":1,"minecraft:jungle_planks":1,"immersiveweapons:copper_ring":1,"croptopia:coffee_seed":1,"croptopia:coffee_beans":1,"minecraft:mossy_cobblestone":13,"minecraft:dark_oak_planks":9,"croptopia:grape":2,"minecraft:rotten_flesh":10,"minecraft:diamond":22,"croptopia:radish_seed":2,"minecraft:cut_copper":1,"croptopia:raspberry_seed":2,"knightquest:small_essence":3,"minecraft:diamond_axe":1,"minecraft:stripped_dark_oak_wood":16,"minecraft:obsidian":8,"minecraft:waxed_cut_copper":3,"minecraft:oak_sapling":6,"minecraft:mutton":1,"minecraft:white_wool":1,"minecraft:cobblestone":9},"minecraft:killed":{"minecraft:salmon":2,"minecraft:skeleton":2,"minecraft:sheep":1,"minecraft:zombie":9,"iceandfire:ghost":5},"minecraft:crafted":{"minecraft:oak_planks":40,"minecraft:diamond_sword":1,"minecraft:diamond_axe":1,"minecraft:crafting_table":5,"minecraft:wooden_pickaxe":2,"minecraft:iron_sword":1,"minecraft:furnace":1,"minecraft:birch_planks":24,"minecraft:jungle_planks":136,"minecraft:bamboo_block":6,"minecraft:bamboo_planks":12,"minecraft:diamond_helmet":1,"minecraft:diamond_pickaxe":1,"minecraft:iron_boots":1,"iceandfire:bestiary":1,"minecraft:stick":22,"minecraft:iron_pickaxe":1,"minecraft:iron_ingot":2,"minecraft:wooden_axe":2,"minecraft:chest":3,"minecraft:diamond_boots":1,"minecraft:iron_leggings":1,"minecraft:dark_oak_planks":4,"minecraft:diamond_chestplate":1},"minecraft:used":{"minecraft:golden_boots":1,"croptopia:grape":2,"minecraft:moss_carpet":1,"epicfight:skillbook":1,"croptopia:tomato":2,"minecraft:birch_planks":8,"croptopia:radish":1,"minecraft:oak_planks":32,"minecraft:wooden_pickaxe":7,"minecraft:chest":3,"minecraft:iron_sword":43,"minecraft:iron_chestplate":1,"minecraft:golden_apple":4,"minecraft:mossy_cobblestone":6,"minecraft:dark_oak_trapdoor":1,"minecraft:crafting_table":6,"minecraft:jungle_planks":92,"croptopia:raspberry":1,"minecraft:dark_oak_planks":5,"minecraft:wooden_axe":43,"minecraft:diamond_pickaxe":7,"minecraft:stripped_dark_oak_wood":1,"minecraft:apple":1,"minecraft:waxed_cut_copper":3,"minecraft:melon_slice":35,"minecraft:iron_pickaxe":28,"minecraft:dark_oak_slab":1,"minecraft:diamond_sword":29,"minecraft:fire_charge":2,"minecraft:redstone_lamp":5,"minecraft:cobblestone":1,"minecraft:oak_sapling":6,"minecraft:furnace":1,"croptopia:roe":3,"minecraft:cobbled_deepslate":5,"minecraft:bamboo_planks":7,"minecraft:golden_pickaxe":30},"minecraft:mined":{"minecraft:dark_oak_planks":4,"minecraft:mossy_cobblestone":13,"minecraft:black_terracotta":6,"croptopia:grape_crop":2,"minecraft:cobblestone_stairs":3,"minecraft:brewing_stand":3,"minecraft:crafting_table":1,"gravestone:gravestone":4,"minecraft:melon":11,"minecraft:jungle_log":34,"croptopia:raspberry_crop":1,"minecraft:cobblestone":9,"minecraft:spawner":3,"minecraft:dark_oak_slab":1,"croptopia:peanut_crop":1,"minecraft:packed_mud":2,"minecraft:dark_oak_trapdoor":2,"minecraft:birch_log":11,"minecraft:fire":1,"croptopia:tomato_crop":2,"minecraft:grass":8,"minecraft:oak_log":10,"minecraft:vine":6,"minecraft:bamboo":6,"minecraft:cut_copper":1,"minecraft:ender_chest":1,"minecraft:deepslate":24,"minecraft:oak_leaves":3},"minecraft:broken":{"minecraft:golden_pickaxe":1},"minecraft:dropped":{"croptopia:raspberry_seed":2,"croptopia:radish_seed":2,"croptopia:tomato_seed":2,"croptopia:grape_seed":3,"gravestone:obituary":1}},"DataVersion":3465}