{"stats":{"minecraft:custom":{"minecraft:time_since_rest":12259,"minecraft:sprint_one_cm":20386,"minecraft:damage_taken":185,"minecraft:walk_one_cm":49461,"minecraft:mob_kills":1,"minecraft:damage_dealt":269,"minecraft:interact_with_crafting_table":3,"minecraft:fly_one_cm":20153,"minecraft:open_barrel":1,"minecraft:crouch_one_cm":540,"minecraft:play_time":12259,"minecraft:sneak_time":82,"minecraft:jump":52,"minecraft:time_since_death":12259,"minecraft:total_world_time":12259,"minecraft:fall_one_cm":896},"minecraft:mined":{"minecraft:spruce_log":11,"immersiveweapons:sandbag":1,"croptopia:squash_crop":2,"minecraft:grass_block":1,"minecraft:dirt":2,"croptopia:raspberry_crop":1,"croptopia:rutabaga_crop":1,"minecraft:stone":13},"minecraft:crafted":{"minecraft:wooden_shovel":1,"minecraft:crafting_table":2,"minecraft:spruce_planks":44,"minecraft:stick":8,"minecraft:wooden_pickaxe":1,"minecraft:wooden_axe":1},"minecraft:picked_up":{"croptopia:rutabaga":1,"croptopia:rutabaga_seed":2,"minecraft:spruce_log":11,"minecraft:dirt":3,"minecraft:bone":2,"minecraft:rotten_flesh":1,"croptopia:squash_seed":2,"immersiveweapons:sandbag":3,"croptopia:squash":2,"croptopia:raspberry_seed":1,"croptopia:raspberry":1,"minecraft:cobblestone":13},"minecraft:killed":{"minecraft:zombie":1},"minecraft:used":{"minecraft:wooden_axe":11,"minecraft:bread":1,"immersiveweapons:sandbag":1,"minecraft:wooden_pickaxe":13,"minecraft:wooden_shovel":4,"minecraft:rotten_flesh":1,"croptopia:rutabaga":1,"minecraft:crafting_table":2,"croptopia:squash":2}},"DataVersion":3465}