{"stats":{"minecraft:custom":{"minecraft:interact_with_smithing_table":2,"minecraft:mob_kills":17,"minecraft:inspect_hopper":2,"minecraft:interact_with_crafting_table":44,"minecraft:leave_game":1,"minecraft:time_since_death":25624,"minecraft:climb_one_cm":21545,"minecraft:sprint_one_cm":498437,"minecraft:walk_one_cm":1103609,"minecraft:drop":154,"minecraft:play_noteblock":2,"minecraft:play_time":163398,"minecraft:deaths":10,"minecraft:sneak_time":379,"minecraft:walk_under_water_one_cm":6142,"minecraft:jump":1804,"minecraft:interact_with_brewingstand":1,"minecraft:interact_with_blast_furnace":1,"minecraft:walk_on_water_one_cm":5740,"minecraft:total_world_time":163398,"minecraft:interact_with_furnace":38,"minecraft:tune_noteblock":10,"minecraft:interact_with_loom":1,"minecraft:time_since_rest":25656,"minecraft:damage_taken":4149,"minecraft:damage_absorbed":40,"minecraft:trigger_trapped_chest":1,"minecraft:damage_dealt":5641,"minecraft:swim_one_cm":28,"minecraft:fly_one_cm":108171,"minecraft:player_kills":2,"minecraft:open_chest":24,"minecraft:crouch_one_cm":1333,"minecraft:inspect_dispenser":1,"minecraft:fall_one_cm":37171},"minecraft:picked_up":{"minecraft:wooden_axe":1,"minecraft:iron_chestplate":1,"minecraft:cocoa_beans":18,"minecraft:waxed_oxidized_cut_copper":4,"minecraft:crafting_table":3,"minecraft:chicken":1,"croptopia:grape_seed":6,"croptopia:tomatillo_seed":4,"minecraft:diamond_sword":1,"minecraft:wooden_pickaxe":2,"croptopia:onion":1,"minecraft:gold_block":3,"minecraft:wither_rose":4,"gravestone:obituary":4,"minecraft:raw_copper":153,"minecraft:string":1,"croptopia:cantaloupe":5,"minecraft:wooden_sword":1,"minecraft:iron_leggings":1,"minecraft:cobbled_deepslate":19,"croptopia:tomatillo":2,"croptopia:tomato_seed":2,"minecraft:spruce_slab":2,"croptopia:blueberry":2,"minecraft:melon_slice":42,"minecraft:birch_sapling":2,"minecraft:iron_boots":1,"minecraft:furnace":3,"vinery:jungle_grape_seeds_white":9,"minecraft:raw_iron":10,"minecraft:stick":2,"minecraft:torch":60,"croptopia:blackberry_seed":2,"croptopia:honeydew_seed":2,"croptopia:rhubarb_seed":2,"croptopia:vanilla":4,"minecraft:pointed_dripstone":1,"minecraft:diorite":21,"croptopia:date":2,"minecraft:dark_oak_planks":11,"minecraft:stone_sword":1,"minecraft:tnt":2,"croptopia:grape":5,"minecraft:arrow":16,"croptopia:cantaloupe_seed":10,"minecraft:rotten_flesh":7,"minecraft:beetroot_seeds":3,"croptopia:rhubarb":2,"croptopia:vanilla_seeds":8,"minecraft:glow_berries":1,"croptopia:garlic_seed":2,"minecraft:skeleton_skull":1,"minecraft:cobblestone":632,"croptopia:cauliflower":2,"minecraft:birch_log":12,"minecraft:mud_bricks":15,"minecraft:feather":2,"minecraft:salmon":9,"minecraft:jungle_log":181,"minecraft:andesite":23,"minecraft:potato":1,"minecraft:birch_planks":10,"minecraft:packed_mud":5,"minecraft:oak_log":29,"croptopia:celery":5,"croptopia:blueberry_seed":2,"minecraft:dirt":22,"croptopia:rice_seed":2,"croptopia:garlic":1,"minecraft:bone":9,"minecraft:raw_gold":8,"immersiveweapons:wooden_tool_rod":1,"minecraft:stone_pickaxe":2,"croptopia:pineapple":1,"croptopia:tomato":2,"croptopia:turnip_seed":4,"croptopia:elderberry_seed":4,"croptopia:honeydew":1,"iceandfire:copper_nugget":2,"bakery:strawberry":1,"minecraft:black_terracotta":5,"croptopia:cauliflower_seed":6,"vinery:jungle_grapes_white":16,"minecraft:gravel":3,"croptopia:rice":1,"croptopia:blackberry":2,"croptopia:celery_seed":6,"minecraft:jungle_planks":41,"minecraft:blast_furnace":1,"minecraft:lily_of_the_valley":1,"croptopia:turnip":2,"minecraft:spider_eye":1,"iceandfire:silver_sword":1,"croptopia:pineapple_seed":1,"minecraft:iron_helmet":1,"minecraft:granite":77,"croptopia:onion_seed":2,"minecraft:coal":71,"iceandfire:raw_silver":6,"minecraft:diamond_pickaxe":1},"minecraft:killed":{"minecraft:spider":2,"minecraft:skeleton":4,"knightquest:ratman":1,"minecraft:zombie":5,"iceandfire:ghost":2},"minecraft:crafted":{"epicfight:diamond_greatsword":1,"minecraft:oak_planks":64,"immersiveweapons:stone_shard":3,"minecraft:furnace":2,"immersive_melodies:triangle":1,"iceandfire:copper_nugget":9,"immersiveweapons:wooden_tool_rod":2,"immersiveweapons:copper_pickaxe":3,"iceandfire:armor_copper_metal_boots":1,"iceandfire:armor_copper_metal_helmet":1,"minecraft:diamond":9,"immersiveweapons:stone_pike_head":3,"immersiveweapons:copper_leggings":1,"iceandfire:armor_copper_metal_chestplate":1,"minecraft:stone_pickaxe":2,"minecraft:chest":2,"immersiveweapons:copper_pike_head":1,"immersiveweapons:copper_pike":1,"iceandfire:silver_ingot":3,"minecraft:crafting_table":1,"minecraft:wooden_pickaxe":2,"minecraft:iron_sword":1,"minecraft:copper_ingot":93,"minecraft:birch_planks":28,"minecraft:stone_axe":1,"iceandfire:copper_pile":1,"minecraft:air":0,"minecraft:jungle_planks":320,"immersiveweapons:stone_pike":1,"epicfight:iron_tachi":1,"minecraft:charcoal":49,"minecraft:stick":40,"minecraft:iron_pickaxe":1,"minecraft:iron_ingot":10,"minecraft:wooden_axe":3,"minecraft:torch":96,"iceandfire:silver_sword":1},"minecraft:used":{"iceandfire:silver_sword":56,"minecraft:chest":2,"minecraft:torch":86,"minecraft:dirt":22,"minecraft:cocoa_beans":12,"minecraft:jungle_planks":167,"minecraft:wooden_axe":112,"croptopia:turnip":2,"minecraft:birch_sapling":2,"epicfight:diamond_greatsword":10,"minecraft:mud_bricks":1,"minecraft:furnace":2,"croptopia:garlic":1,"minecraft:diorite":14,"croptopia:celery":1,"minecraft:birch_planks":31,"minecraft:stone_pickaxe":155,"minecraft:oak_planks":31,"minecraft:wooden_pickaxe":20,"minecraft:salmon":6,"minecraft:golden_apple":1,"minecraft:glow_berries":2,"iceandfire:copper_pile":1,"minecraft:crafting_table":2,"bakery:strawberry":1,"epicfight:iron_tachi":17,"vinery:jungle_grapes_white":12,"minecraft:diamond_pickaxe":28,"iceandfire:armor_copper_metal_chestplate":2,"minecraft:melon_slice":40,"minecraft:iron_pickaxe":235,"croptopia:tomatillo":1,"minecraft:stone_axe":93,"minecraft:diamond_sword":6,"minecraft:wooden_sword":1,"minecraft:cobblestone":118,"immersiveweapons:copper_pickaxe":378,"croptopia:cantaloupe":1,"croptopia:honeydew":1},"minecraft:mined":{"minecraft:dark_oak_planks":6,"croptopia:cantaloupe_crop":3,"iceandfire:silver_ore":7,"iceandfire:copper_pile":1,"minecraft:black_terracotta":1,"croptopia:grape_crop":2,"minecraft:jungle_leaves":11,"gravestone:gravestone":12,"minecraft:granite":39,"minecraft:grass_block":6,"minecraft:jungle_log":125,"minecraft:mud_bricks":8,"minecraft:spawner":1,"minecraft:tall_seagrass":1,"minecraft:waxed_oxidized_cut_copper":4,"minecraft:packed_mud":5,"minecraft:dark_oak_trapdoor":2,"minecraft:iron_ore":10,"minecraft:andesite":23,"croptopia:blueberry_crop":1,"croptopia:date_crop":1,"minecraft:dark_oak_stairs":1,"minecraft:gold_block":1,"croptopia:rhubarb_crop":1,"minecraft:vine":21,"minecraft:iron_bars":1,"minecraft:stone":573,"minecraft:spruce_slab":2,"minecraft:lily_of_the_valley":1,"croptopia:turnip_crop":2,"bakery:wild_strawberries":2,"minecraft:blast_furnace":1,"croptopia:garlic_crop":1,"minecraft:melon":2,"minecraft:campfire":1,"minecraft:copper_ore":44,"minecraft:cobblestone":26,"minecraft:tall_grass":2,"minecraft:diorite":21,"minecraft:wall_torch":3,"minecraft:skeleton_skull":1,"minecraft:birch_planks":9,"croptopia:cauliflower_crop":2,"croptopia:pineapple_crop":1,"minecraft:birch_log":7,"croptopia:tomatillo_crop":1,"minecraft:tnt":2,"croptopia:tomato_crop":1,"croptopia:vanilla_crop":2,"minecraft:wither_rose":2,"minecraft:grass":6,"minecraft:coal_ore":36,"minecraft:oak_log":29,"croptopia:celery_crop":2,"minecraft:cocoa":4,"croptopia:rice_crop":1,"vinery:jungle_grape_bush_white":4,"minecraft:gravel":3,"minecraft:dirt":18,"minecraft:oak_leaves":3,"minecraft:fern":4},"minecraft:broken":{"immersiveweapons:copper_pickaxe":2},"minecraft:dropped":{"minecraft:oak_log":1,"minecraft:crafting_table":1,"croptopia:elderberry_seed":2,"vinery:jungle_grape_seeds_white":1,"minecraft:cobblestone":64,"minecraft:book":28,"croptopia:blackberry":1,"minecraft:jungle_planks":18,"croptopia:grape":1,"croptopia:tomato_seed":1,"croptopia:celery_seed":3,"croptopia:celery":2,"minecraft:diorite":7,"minecraft:brewing_stand":3,"croptopia:grape_seed":3,"minecraft:wooden_axe":1,"croptopia:tomato":1,"minecraft:wooden_sword":1,"gravestone:obituary":14,"minecraft:wither_rose":2,"croptopia:cauliflower_seed":3,"croptopia:cantaloupe_seed":5,"minecraft:bone":2,"croptopia:blackberry_seed":1,"minecraft:black_terracotta":1,"minecraft:rotten_flesh":3,"croptopia:rhubarb_seed":1,"immersiveweapons:wooden_tool_rod":1,"patchouli:guide_book":1,"croptopia:blueberry_seed":1,"minecraft:diamond_sword":1,"croptopia:blueberry":1,"minecraft:skeleton_skull":2,"minecraft:waxed_oxidized_cut_copper":6,"croptopia:cantaloupe":2,"minecraft:andesite":14,"croptopia:tomatillo_seed":2,"minecraft:spruce_slab":2,"minecraft:arrow":3,"minecraft:stone_pickaxe":1,"minecraft:wooden_pickaxe":2}},"DataVersion":3465}