{"stats":{"minecraft:custom":{"minecraft:time_since_rest":3575,"minecraft:crouch_one_cm":153,"minecraft:play_time":3575,"minecraft:sprint_one_cm":177,"minecraft:damage_taken":105,"minecraft:walk_one_cm":28277,"minecraft:sneak_time":9,"minecraft:mob_kills":2,"minecraft:jump":35,"minecraft:damage_dealt":359,"minecraft:time_since_death":3575,"minecraft:total_world_time":3575,"minecraft:interact_with_crafting_table":2,"minecraft:fly_one_cm":379},"minecraft:crafted":{"minecraft:stone_axe":1,"minecraft:spruce_planks":16,"minecraft:stick":4,"minecraft:wooden_pickaxe":1},"minecraft:mined":{"minecraft:spruce_leaves":3,"minecraft:spruce_log":16,"minecraft:stone":3},"minecraft:picked_up":{"minecraft:stick":2,"minecraft:spruce_log":16,"minecraft:string":2,"minecraft:cobblestone":3},"minecraft:killed":{"minecraft:spider":1,"minecraft:zombie":1},"minecraft:used":{"minecraft:stone_axe":17,"minecraft:wooden_pickaxe":3}},"DataVersion":3465}