{"stats":{"minecraft:custom":{"minecraft:time_since_rest":0,"minecraft:sprint_one_cm":117857,"minecraft:damage_taken":1455,"minecraft:walk_one_cm":173193,"minecraft:drop":1,"minecraft:damage_dealt":63,"minecraft:swim_one_cm":22306,"minecraft:interact_with_crafting_table":2,"minecraft:fly_one_cm":124261,"minecraft:open_chest":2,"minecraft:crouch_one_cm":586,"minecraft:play_time":23212,"minecraft:deaths":4,"minecraft:sneak_time":40,"minecraft:walk_under_water_one_cm":2007,"minecraft:jump":407,"minecraft:leave_game":2,"minecraft:time_since_death":0,"minecraft:walk_on_water_one_cm":4373,"minecraft:total_world_time":23212,"minecraft:climb_one_cm":3626,"minecraft:fall_one_cm":20986},"minecraft:picked_up":{"minecraft:wooden_axe":1,"minecraft:crafting_table":1,"minecraft:jungle_log":2,"minecraft:jungle_planks":10,"minecraft:oak_log":14,"minecraft:melon_slice":65},"minecraft:crafted":{"minecraft:wooden_sword":1,"minecraft:oak_planks":56,"minecraft:crafting_table":1,"minecraft:stick":20,"minecraft:wooden_pickaxe":1,"minecraft:wooden_axe":1,"immersiveweapons:wooden_tool_rod":1},"minecraft:mined":{"minecraft:crafting_table":1,"gravestone:gravestone":1,"minecraft:grass":1,"minecraft:oak_log":14,"minecraft:melon":13,"minecraft:jungle_planks":12,"minecraft:jungle_log":2,"minecraft:fern":1},"minecraft:killed_by":{"minecraft:player":2},"minecraft:used":{"minecraft:wooden_axe":24,"minecraft:melon_slice":17,"minecraft:oak_planks":32,"minecraft:crafting_table":1,"minecraft:jungle_planks":10},"minecraft:dropped":{"minecraft:wooden_axe":1}},"DataVersion":3465}