{"stats":{"minecraft:killed":{"minecraft:skeleton":1,"minecraft:zombie":12,"friendsandfoes:moobloom":2},"minecraft:killed_by":{"minecraft:zombie":1},"minecraft:custom":{"minecraft:interact_with_furnace":28,"minecraft:mob_kills":15,"minecraft:interact_with_crafting_table":37,"minecraft:open_barrel":2,"minecraft:leave_game":8,"minecraft:time_since_death":104842,"minecraft:climb_one_cm":990,"minecraft:time_since_rest":105145,"minecraft:sprint_one_cm":21060,"minecraft:damage_absorbed":20,"minecraft:damage_taken":2107,"minecraft:walk_one_cm":615056,"minecraft:damage_blocked_by_shield":160,"minecraft:drop":43,"minecraft:damage_dealt":2106,"minecraft:swim_one_cm":14808,"minecraft:fly_one_cm":38708,"minecraft:open_chest":46,"minecraft:crouch_one_cm":19694,"minecraft:play_time":151606,"minecraft:deaths":1,"minecraft:sneak_time":4764,"minecraft:walk_under_water_one_cm":7230,"minecraft:jump":1121,"minecraft:interact_with_blast_furnace":9,"minecraft:walk_on_water_one_cm":21544,"minecraft:total_world_time":151606,"minecraft:fall_one_cm":30118},"minecraft:crafted":{"minecraft:smooth_stone":3,"minecraft:oak_planks":96,"sophisticatedbackpacks:backpack":1,"minecraft:crafting_table":5,"minecraft:wooden_pickaxe":2,"minecraft:iron_helmet":1,"minecraft:iron_sword":1,"minecraft:furnace":3,"minecraft:blast_furnace":1,"minecraft:copper_ingot":11,"minecraft:stone":3,"minecraft:diamond_shovel":1,"minecraft:pumpkin_seeds":4,"minecraft:air":0,"minecraft:jungle_planks":8,"minecraft:iron_boots":1,"minecraft:diamond_pickaxe":1,"minecraft:shield":1,"minecraft:iron_axe":1,"minecraft:melon_seeds":1,"minecraft:stick":36,"minecraft:iron_ingot":82,"minecraft:iron_pickaxe":3,"minecraft:stone_pickaxe":4,"minecraft:chest":2,"minecraft:gold_ingot":5,"minecraft:iron_leggings":1,"minecraft:dark_oak_planks":8,"minecraft:torch":40,"minecraft:shears":1,"minecraft:diamond_chestplate":1},"minecraft:used":{"epicfight:skillbook":3,"minecraft:diorite":5,"minecraft:stone_pickaxe":524,"minecraft:oak_planks":41,"minecraft:chest":2,"minecraft:wooden_pickaxe":102,"minecraft:shield":6,"minecraft:iron_sword":41,"minecraft:rotten_flesh":3,"minecraft:golden_apple":1,"minecraft:torch":86,"minecraft:dirt":124,"minecraft:crafting_table":9,"minecraft:blast_furnace":1,"minecraft:tuff":1,"minecraft:dark_oak_log":38,"minecraft:iron_axe":200,"minecraft:diamond_shovel":369,"minecraft:bread":1,"minecraft:melon_slice":10,"minecraft:iron_pickaxe":694,"minecraft:cobblestone":190,"minecraft:furnace":4},"minecraft:broken":{"minecraft:stone_pickaxe":4,"minecraft:iron_pickaxe":2,"minecraft:wooden_pickaxe":1},"minecraft:mined":{"minecraft:tuff":89,"iceandfire:silver_ore":2,"minecraft:dark_oak_leaves":1,"minecraft:mossy_cobblestone":4,"minecraft:deepslate_diamond_ore":12,"minecraft:dark_oak_log":193,"minecraft:clay":5,"minecraft:crafting_table":5,"minecraft:torch":5,"gravestone:gravestone":1,"minecraft:granite":92,"minecraft:grass_block":194,"minecraft:melon":3,"minecraft:chest":1,"minecraft:jungle_log":2,"minecraft:copper_ore":3,"minecraft:cobblestone":53,"minecraft:lapis_ore":4,"minecraft:deepslate_gold_ore":6,"minecraft:diorite":101,"croptopia:honeydew_crop":1,"minecraft:wall_torch":18,"minecraft:spawner":1,"croptopia:peanut_crop":1,"minecraft:furnace":2,"minecraft:iron_ore":67,"minecraft:fire":1,"minecraft:andesite":11,"minecraft:pumpkin":1,"minecraft:grass":12,"minecraft:oak_log":25,"minecraft:coal_ore":70,"minecraft:deepslate_iron_ore":17,"minecraft:vine":2,"minecraft:gravel":17,"minecraft:dirt":249,"minecraft:stone":463,"minecraft:oak_leaves":6,"minecraft:deepslate":280,"minecraft:fern":4},"minecraft:picked_up":{"minecraft:crafting_table":5,"minecraft:clay_ball":40,"minecraft:andesite":10,"minecraft:jungle_log":2,"minecraft:leather":5,"minecraft:wooden_pickaxe":1,"minecraft:potato":1,"minecraft:flint":1,"minecraft:tuff":80,"minecraft:oak_log":27,"gravestone:obituary":1,"minecraft:raw_copper":11,"minecraft:lapis_lazuli":27,"minecraft:dirt":427,"perfectplushies:gamerpotion_plushie_rare":1,"minecraft:bone":2,"minecraft:cobbled_deepslate":290,"minecraft:raw_gold":5,"minecraft:beef":8,"minecraft:poppy":3,"minecraft:melon_slice":11,"minecraft:chest":1,"minecraft:furnace":2,"minecraft:stick":1,"minecraft:dark_oak_sapling":3,"minecraft:raw_iron":82,"croptopia:peanut_seed":4,"croptopia:peanut":1,"minecraft:pumpkin":1,"minecraft:torch":52,"croptopia:honeydew_seed":1,"minecraft:gravel":17,"epicfight:skillbook":1,"croptopia:vanilla":1,"minecraft:diorite":100,"immersiveweapons:copper_ring":1,"minecraft:dark_oak_log":185,"minecraft:mossy_cobblestone":4,"minecraft:rotten_flesh":13,"minecraft:diamond":12,"minecraft:granite":84,"minecraft:coal":100,"iceandfire:raw_silver":2,"minecraft:cobblestone":531},"minecraft:dropped":{"minecraft:gravel":17,"croptopia:honeydew_seed":1,"minecraft:cobbled_deepslate":271,"minecraft:mossy_cobblestone":4,"minecraft:crafting_table":1,"minecraft:tuff":79,"minecraft:rotten_flesh":8,"minecraft:cobblestone":234,"minecraft:granite":84,"minecraft:dirt":36,"minecraft:diorite":95,"minecraft:andesite":10,"minecraft:beef":3,"minecraft:string":2,"perfectplushies:gamerpotion_plushie_rare":1}},"DataVersion":3465}