{"stats":{"minecraft:dropped":{"minecraft:gravel":17,"croptopia:honeydew_seed":1,"minecraft:cobbled_deepslate":271,"minecraft:mossy_cobblestone":4,"minecraft:crafting_table":1,"minecraft:tuff":79,"minecraft:rotten_flesh":8,"minecraft:cobblestone":207,"minecraft:granite":84,"minecraft:dirt":36,"minecraft:diorite":95,"minecraft:andesite":10,"perfectplushies:gamerpotion_plushie_rare":1},"minecraft:killed_by":{"minecraft:zombie":1},"minecraft:picked_up":{"minecraft:crafting_table":4,"minecraft:clay_ball":40,"minecraft:jungle_log":2,"minecraft:andesite":10,"minecraft:potato":1,"minecraft:flint":1,"minecraft:tuff":80,"minecraft:oak_log":22,"gravestone:obituary":1,"perfectplushies:gamerpotion_plushie_rare":1,"minecraft:lapis_lazuli":27,"minecraft:dirt":60,"minecraft:raw_copper":11,"minecraft:cobbled_deepslate":290,"minecraft:raw_gold":5,"minecraft:melon_slice":11,"minecraft:chest":1,"minecraft:furnace":1,"minecraft:raw_iron":79,"croptopia:peanut_seed":4,"croptopia:peanut":1,"epicfight:skillbook":1,"minecraft:torch":48,"croptopia:honeydew_seed":1,"minecraft:gravel":17,"croptopia:vanilla":1,"minecraft:diorite":100,"immersiveweapons:copper_ring":1,"minecraft:mossy_cobblestone":4,"minecraft:rotten_flesh":11,"minecraft:diamond":12,"minecraft:granite":84,"minecraft:coal":78,"iceandfire:raw_silver":2,"minecraft:cobblestone":359},"minecraft:broken":{"minecraft:stone_pickaxe":4,"minecraft:iron_pickaxe":2,"minecraft:wooden_pickaxe":1},"minecraft:crafted":{"minecraft:oak_planks":76,"minecraft:crafting_table":4,"minecraft:wooden_pickaxe":2,"minecraft:iron_helmet":1,"minecraft:iron_sword":1,"minecraft:furnace":2,"minecraft:air":0,"minecraft:jungle_planks":8,"minecraft:iron_boots":1,"minecraft:diamond_pickaxe":1,"minecraft:shield":1,"minecraft:melon_seeds":1,"minecraft:stick":36,"minecraft:iron_ingot":79,"minecraft:iron_pickaxe":3,"minecraft:stone_pickaxe":4,"minecraft:iron_leggings":1,"minecraft:torch":40,"minecraft:diamond_chestplate":1},"minecraft:mined":{"minecraft:tuff":89,"iceandfire:silver_ore":2,"minecraft:mossy_cobblestone":4,"minecraft:deepslate_diamond_ore":12,"minecraft:crafting_table":4,"minecraft:clay":5,"minecraft:torch":5,"gravestone:gravestone":1,"minecraft:granite":92,"minecraft:grass_block":6,"minecraft:melon":3,"minecraft:chest":1,"minecraft:jungle_log":2,"minecraft:copper_ore":3,"minecraft:cobblestone":22,"minecraft:lapis_ore":4,"minecraft:deepslate_gold_ore":6,"minecraft:diorite":101,"croptopia:honeydew_crop":1,"minecraft:wall_torch":18,"minecraft:spawner":1,"croptopia:peanut_crop":1,"minecraft:furnace":1,"minecraft:iron_ore":64,"minecraft:fire":1,"minecraft:andesite":11,"minecraft:grass":12,"minecraft:oak_log":20,"minecraft:coal_ore":67,"minecraft:deepslate_iron_ore":17,"minecraft:vine":2,"minecraft:gravel":17,"minecraft:dirt":61,"minecraft:stone":340,"minecraft:oak_leaves":5,"minecraft:deepslate":280,"minecraft:fern":4},"minecraft:used":{"epicfight:skillbook":3,"minecraft:diorite":5,"minecraft:stone_pickaxe":524,"minecraft:shield":3,"minecraft:wooden_pickaxe":102,"minecraft:iron_sword":32,"minecraft:rotten_flesh":3,"minecraft:torch":73,"minecraft:dirt":24,"minecraft:crafting_table":7,"minecraft:tuff":1,"minecraft:bread":1,"minecraft:melon_slice":10,"minecraft:iron_pickaxe":533,"minecraft:cobblestone":97,"minecraft:furnace":3},"minecraft:custom":{"minecraft:interact_with_furnace":22,"minecraft:mob_kills":11,"minecraft:open_barrel":2,"minecraft:interact_with_crafting_table":21,"minecraft:leave_game":7,"minecraft:time_since_death":49107,"minecraft:climb_one_cm":990,"minecraft:time_since_rest":49410,"minecraft:sprint_one_cm":6386,"minecraft:damage_taken":2086,"minecraft:walk_one_cm":270000,"minecraft:damage_blocked_by_shield":75,"minecraft:drop":38,"minecraft:damage_dealt":1716,"minecraft:swim_one_cm":14808,"minecraft:fly_one_cm":9496,"minecraft:open_chest":9,"minecraft:crouch_one_cm":5438,"minecraft:play_time":95871,"minecraft:deaths":1,"minecraft:sneak_time":2256,"minecraft:walk_under_water_one_cm":2044,"minecraft:jump":484,"minecraft:walk_on_water_one_cm":7690,"minecraft:total_world_time":95871,"minecraft:fall_one_cm":20835},"minecraft:killed":{"minecraft:zombie":11}},"DataVersion":3465}