{"stats":{"minecraft:custom":{"minecraft:interact_with_furnace":7,"minecraft:interact_with_crafting_table":11,"minecraft:leave_game":6,"minecraft:time_since_death":22406,"minecraft:climb_one_cm":598,"minecraft:time_since_rest":22709,"minecraft:sprint_one_cm":5537,"minecraft:damage_taken":1735,"minecraft:walk_one_cm":156016,"minecraft:drop":1,"minecraft:damage_dealt":108,"minecraft:fly_one_cm":8399,"minecraft:crouch_one_cm":3915,"minecraft:play_time":69170,"minecraft:deaths":1,"minecraft:sneak_time":1742,"minecraft:walk_under_water_one_cm":302,"minecraft:jump":249,"minecraft:walk_on_water_one_cm":7284,"minecraft:total_world_time":69170,"minecraft:fall_one_cm":18935},"minecraft:picked_up":{"minecraft:crafting_table":4,"minecraft:clay_ball":20,"minecraft:jungle_log":2,"minecraft:andesite":10,"minecraft:tuff":22,"minecraft:oak_log":19,"minecraft:lapis_lazuli":27,"minecraft:dirt":60,"minecraft:raw_copper":11,"minecraft:cobbled_deepslate":216,"minecraft:raw_gold":5,"minecraft:melon_slice":11,"minecraft:chest":1,"minecraft:furnace":1,"minecraft:raw_iron":79,"croptopia:peanut_seed":2,"croptopia:peanut":1,"minecraft:torch":6,"croptopia:honeydew_seed":1,"minecraft:gravel":4,"croptopia:vanilla":1,"minecraft:diorite":100,"minecraft:diamond":12,"minecraft:granite":84,"minecraft:coal":47,"iceandfire:raw_silver":2,"minecraft:cobblestone":303},"minecraft:crafted":{"minecraft:oak_planks":64,"minecraft:crafting_table":3,"minecraft:wooden_pickaxe":2,"minecraft:furnace":2,"minecraft:air":0,"minecraft:jungle_planks":8,"minecraft:melon_seeds":1,"minecraft:stick":36,"minecraft:iron_ingot":11,"minecraft:iron_pickaxe":2,"minecraft:stone_pickaxe":4,"minecraft:torch":32},"minecraft:killed_by":{"minecraft:zombie":1},"minecraft:used":{"minecraft:diorite":4,"minecraft:stone_pickaxe":399,"minecraft:wooden_pickaxe":102,"minecraft:torch":21,"minecraft:dirt":24,"minecraft:crafting_table":5,"minecraft:melon_slice":8,"minecraft:iron_pickaxe":427,"minecraft:furnace":2},"minecraft:mined":{"minecraft:tuff":22,"iceandfire:silver_ore":2,"minecraft:deepslate_diamond_ore":12,"minecraft:crafting_table":4,"minecraft:clay":5,"minecraft:torch":3,"minecraft:granite":84,"minecraft:grass_block":5,"minecraft:melon":3,"minecraft:chest":1,"minecraft:jungle_log":2,"minecraft:copper_ore":3,"minecraft:lapis_ore":4,"minecraft:deepslate_gold_ore":6,"minecraft:diorite":101,"croptopia:honeydew_crop":1,"minecraft:wall_torch":3,"croptopia:peanut_crop":1,"minecraft:furnace":1,"minecraft:iron_ore":64,"minecraft:fire":1,"minecraft:andesite":10,"minecraft:grass":12,"minecraft:oak_log":20,"minecraft:coal_ore":47,"minecraft:deepslate_iron_ore":17,"minecraft:vine":2,"minecraft:gravel":2,"minecraft:dirt":56,"minecraft:stone":305,"minecraft:oak_leaves":5,"minecraft:deepslate":217,"minecraft:fern":4},"minecraft:broken":{"minecraft:stone_pickaxe":3,"minecraft:iron_pickaxe":1,"minecraft:wooden_pickaxe":1},"minecraft:dropped":{"croptopia:honeydew_seed":1}},"DataVersion":3465}