{"stats":{"minecraft:picked_up":{"minecraft:crafting_table":1,"minecraft:raw_iron":79,"minecraft:andesite":4,"minecraft:torch":3,"croptopia:honeydew_seed":1,"minecraft:gravel":4,"minecraft:tuff":16,"minecraft:oak_log":14,"minecraft:diorite":100,"minecraft:lapis_lazuli":27,"minecraft:dirt":14,"minecraft:raw_copper":11,"minecraft:diamond":12,"minecraft:cobbled_deepslate":147,"minecraft:raw_gold":5,"minecraft:granite":77,"minecraft:melon_slice":11,"minecraft:chest":1,"minecraft:coal":32,"iceandfire:raw_silver":2,"minecraft:cobblestone":227,"minecraft:furnace":1},"minecraft:custom":{"minecraft:time_since_rest":0,"minecraft:interact_with_furnace":7,"minecraft:sprint_one_cm":2593,"minecraft:damage_taken":1735,"minecraft:walk_one_cm":127717,"minecraft:drop":1,"minecraft:damage_dealt":108,"minecraft:interact_with_crafting_table":8,"minecraft:fly_one_cm":4000,"minecraft:crouch_one_cm":2244,"minecraft:play_time":46461,"minecraft:deaths":1,"minecraft:sneak_time":1125,"minecraft:walk_under_water_one_cm":302,"minecraft:jump":165,"minecraft:leave_game":4,"minecraft:walk_on_water_one_cm":7284,"minecraft:time_since_death":0,"minecraft:total_world_time":46461,"minecraft:climb_one_cm":44,"minecraft:fall_one_cm":17830},"minecraft:crafted":{"minecraft:oak_planks":56,"minecraft:crafting_table":2,"minecraft:melon_seeds":1,"minecraft:stick":20,"minecraft:iron_ingot":11,"minecraft:wooden_pickaxe":1,"minecraft:iron_pickaxe":2,"minecraft:stone_pickaxe":2,"minecraft:furnace":2,"minecraft:torch":16,"minecraft:air":0},"minecraft:killed_by":{"minecraft:zombie":1},"minecraft:used":{"minecraft:diorite":4,"minecraft:melon_slice":8,"minecraft:stone_pickaxe":262,"minecraft:iron_pickaxe":427,"minecraft:wooden_pickaxe":39,"minecraft:torch":6,"minecraft:dirt":9,"minecraft:crafting_table":2,"minecraft:furnace":2},"minecraft:mined":{"minecraft:tuff":16,"minecraft:furnace":1,"iceandfire:silver_ore":2,"minecraft:deepslate_diamond_ore":12,"minecraft:iron_ore":64,"minecraft:fire":1,"minecraft:andesite":4,"minecraft:torch":3,"minecraft:crafting_table":1,"minecraft:granite":77,"minecraft:grass":6,"minecraft:coal_ore":32,"minecraft:grass_block":1,"minecraft:oak_log":15,"minecraft:melon":3,"minecraft:deepslate_iron_ore":17,"minecraft:chest":1,"minecraft:gravel":2,"minecraft:dirt":13,"minecraft:copper_ore":3,"minecraft:deepslate_gold_ore":6,"minecraft:lapis_ore":4,"minecraft:stone":229,"minecraft:deepslate":147,"minecraft:oak_leaves":1,"minecraft:diorite":100,"croptopia:honeydew_crop":1,"minecraft:fern":2},"minecraft:broken":{"minecraft:stone_pickaxe":2,"minecraft:iron_pickaxe":1},"minecraft:dropped":{"croptopia:honeydew_seed":1}},"DataVersion":3465}