{"stats":{"minecraft:custom":{"minecraft:time_since_rest":16587,"minecraft:interact_with_furnace":2,"minecraft:sprint_one_cm":59528,"minecraft:damage_taken":175,"minecraft:walk_one_cm":169602,"minecraft:mob_kills":1,"minecraft:damage_dealt":91,"minecraft:interact_with_crafting_table":5,"minecraft:fly_one_cm":32776,"minecraft:crouch_one_cm":460,"minecraft:play_time":16587,"minecraft:sneak_time":26,"minecraft:jump":312,"minecraft:time_since_death":16587,"minecraft:total_world_time":16587,"minecraft:fall_one_cm":4374},"minecraft:crafted":{"minecraft:crafting_table":1,"minecraft:spruce_planks":52,"minecraft:stick":12,"minecraft:wooden_pickaxe":1,"minecraft:stone_pickaxe":1,"minecraft:wooden_axe":1,"minecraft:stone_sword":1,"minecraft:furnace":1,"minecraft:stone_axe":1},"minecraft:mined":{"minecraft:furnace":1,"minecraft:iron_ore":1,"minecraft:spruce_log":22,"minecraft:powder_snow":12,"minecraft:crafting_table":2,"minecraft:grass_block":2,"minecraft:coal_ore":2,"minecraft:spruce_leaves":1,"minecraft:stone":29},"minecraft:picked_up":{"minecraft:crafting_table":2,"minecraft:raw_iron":1,"minecraft:spruce_log":22,"minecraft:dirt":2,"minecraft:coal":2,"minecraft:cobblestone":28,"minecraft:furnace":1},"minecraft:used":{"minecraft:wooden_axe":8,"minecraft:stone_sword":6,"minecraft:stone_pickaxe":18,"minecraft:spruce_planks":14,"minecraft:wooden_pickaxe":16,"minecraft:stone_axe":10,"minecraft:dirt":2,"minecraft:cobblestone":7,"minecraft:crafting_table":3,"minecraft:furnace":2,"minecraft:spruce_log":2}},"DataVersion":3465}