{"stats":{"minecraft:custom":{"minecraft:jump":100,"minecraft:time_since_rest":4587,"minecraft:crouch_one_cm":404,"minecraft:sprint_one_cm":48098,"minecraft:play_time":4587,"minecraft:time_since_death":4587,"minecraft:walk_one_cm":31774,"minecraft:sneak_time":23,"minecraft:total_world_time":4587,"minecraft:fall_one_cm":685,"minecraft:fly_one_cm":27817},"minecraft:mined":{"minecraft:spruce_leaves":1,"minecraft:spruce_log":13},"minecraft:crafted":{"minecraft:crafting_table":1,"minecraft:spruce_planks":52},"minecraft:picked_up":{"minecraft:spruce_log":13}},"DataVersion":3465}