{"stats":{"minecraft:picked_up":{"minecraft:birch_log":25,"minecraft:wheat":3,"minecraft:crafting_table":1,"croptopia:grape_seed":2,"immersiveweapons:flintlock_pistol":1,"minecraft:black_bed":2,"patchouli:guide_book":1,"immersiveweapons:copper_sword":1,"minecraft:copper_ingot":3,"immersiveweapons:copper_axe":3,"minecraft:potato":13,"immersiveweapons:pliers":1,"minecraft:oak_log":16,"minecraft:carrot":13,"minecraft:loom":1,"minecraft:dirt":13,"croptopia:grape":6,"minecraft:beetroot":3,"minecraft:chipped_anvil":1,"minecraft:rotten_flesh":9,"minecraft:apple":1,"minecraft:beetroot_seeds":7,"minecraft:polished_diorite":3,"minecraft:wheat_seeds":9,"minecraft:cartography_table":1,"croptopia:tomato_seed":2,"croptopia:tomato":1,"minecraft:bread":3,"minecraft:chest":3,"minecraft:furnace":1},"minecraft:custom":{"minecraft:time_since_rest":4911,"minecraft:interact_with_furnace":2,"minecraft:sprint_one_cm":50992,"minecraft:damage_taken":130,"minecraft:walk_one_cm":316691,"minecraft:drop":1,"minecraft:interact_with_crafting_table":3,"minecraft:interact_with_cartography_table":1,"minecraft:fly_one_cm":34993,"minecraft:open_barrel":5,"minecraft:open_chest":14,"minecraft:play_time":65896,"minecraft:interact_with_loom":1,"minecraft:jump":353,"minecraft:leave_game":1,"minecraft:time_since_death":65896,"minecraft:sleep_in_bed":3,"minecraft:total_world_time":65896,"minecraft:fall_one_cm":4863},"minecraft:crafted":{"minecraft:wooden_sword":1,"minecraft:crafting_table":1,"minecraft:stick":4,"minecraft:wooden_pickaxe":1,"minecraft:birch_planks":28},"minecraft:used":{"minecraft:birch_planks":3,"minecraft:bread":3,"minecraft:iron_pickaxe":5,"minecraft:chest":3,"minecraft:wooden_pickaxe":2,"minecraft:dirt":11,"immersiveweapons:copper_axe":52,"minecraft:crafting_table":2,"minecraft:black_bed":1,"minecraft:polished_diorite":1},"minecraft:mined":{"minecraft:furnace":1,"minecraft:carrots":3,"minecraft:birch_log":26,"minecraft:wheat":3,"minecraft:black_bed":2,"minecraft:crafting_table":1,"minecraft:grass":13,"minecraft:potatoes":3,"minecraft:grass_block":8,"minecraft:oak_log":16,"minecraft:beetroots":3,"minecraft:chest":3,"minecraft:dirt":6,"minecraft:loom":1,"minecraft:tall_grass":7,"minecraft:polished_diorite":3,"minecraft:cartography_table":1,"minecraft:chipped_anvil":1,"minecraft:oak_leaves":2},"minecraft:dropped":{"immersiveweapons:flintlock_pistol":1}},"DataVersion":3465}