{"stats":{"minecraft:dropped":{"gravestone:obituary":2},"minecraft:mined":{"minecraft:birch_planks":1,"croptopia:raspberry_crop":1,"minecraft:birch_log":33,"minecraft:birch_leaves":4,"minecraft:crafting_table":1},"minecraft:crafted":{"minecraft:wooden_sword":1,"minecraft:birch_planks":88,"minecraft:crafting_table":2,"minecraft:stick":16,"minecraft:wooden_pickaxe":1,"minecraft:wooden_axe":1},"minecraft:used":{"minecraft:wooden_axe":12,"minecraft:crafting_table":1,"minecraft:birch_planks":13},"minecraft:custom":{"minecraft:time_since_rest":10881,"minecraft:crouch_one_cm":2080,"minecraft:sprint_one_cm":43369,"minecraft:play_time":29918,"minecraft:damage_taken":1140,"minecraft:deaths":4,"minecraft:walk_one_cm":89262,"minecraft:sneak_time":661,"minecraft:drop":2,"minecraft:jump":232,"minecraft:damage_dealt":35,"minecraft:leave_game":8,"minecraft:time_since_death":10851,"minecraft:climb_one_cm":3294,"minecraft:total_world_time":29918,"minecraft:interact_with_crafting_table":1,"minecraft:fall_one_cm":5071,"minecraft:fly_one_cm":63310},"minecraft:picked_up":{"minecraft:crafting_table":1,"minecraft:birch_log":33,"minecraft:stick":2,"croptopia:raspberry_seed":2,"minecraft:birch_planks":1,"croptopia:raspberry":1,"minecraft:oak_sapling":2}},"DataVersion":3465}