{"stats":{"minecraft:custom":{"minecraft:interact_with_anvil":1,"minecraft:mob_kills":141,"minecraft:inspect_hopper":2,"minecraft:interact_with_crafting_table":28,"minecraft:open_barrel":8,"minecraft:leave_game":3,"minecraft:time_since_death":0,"minecraft:climb_one_cm":22784,"minecraft:sprint_one_cm":609596,"minecraft:walk_one_cm":616613,"minecraft:damage_blocked_by_shield":2215,"minecraft:drop":100,"minecraft:play_noteblock":16,"minecraft:damage_dealt_absorbed":41,"minecraft:play_time":146140,"minecraft:sneak_time":12966,"minecraft:deaths":11,"minecraft:walk_under_water_one_cm":12193,"minecraft:jump":1840,"minecraft:interact_with_blast_furnace":4,"minecraft:walk_on_water_one_cm":32375,"minecraft:total_world_time":146140,"minecraft:interact_with_furnace":15,"minecraft:tune_noteblock":6,"minecraft:interact_with_loom":1,"minecraft:time_since_rest":165,"minecraft:damage_absorbed":40,"minecraft:damage_taken":7248,"minecraft:damage_dealt":14200,"minecraft:swim_one_cm":56109,"minecraft:fly_one_cm":300605,"minecraft:open_chest":15,"minecraft:crouch_one_cm":28587,"minecraft:interact_with_smoker":4,"minecraft:fall_one_cm":61653,"minecraft:inspect_dispenser":1},"minecraft:picked_up":{"minecraft:cocoa_beans":16,"minecraft:iron_chestplate":1,"minecraft:crafting_table":16,"minecraft:chicken":2,"croptopia:cinnamon_log":4,"minecraft:diamond_sword":2,"minecraft:wooden_pickaxe":3,"croptopia:onion":4,"gravestone:obituary":2,"minecraft:shield":1,"minecraft:string":17,"croptopia:cantaloupe":1,"minecraft:iron_leggings":1,"minecraft:item_frame":1,"minecraft:cobbled_deepslate":97,"minecraft:player_head":1,"minecraft:melon_slice":292,"minecraft:iron_boots":2,"minecraft:egg":1,"minecraft:furnace":6,"minecraft:stick":7,"minecraft:raw_iron":52,"minecraft:torch":5,"minecraft:note_block":26,"croptopia:rhubarb_seed":1,"epicfight:skillbook":1,"croptopia:vanilla":1,"minecraft:diorite":17,"minecraft:carrot":1,"immersiveweapons:copper_ring":1,"minecraft:dark_oak_planks":18,"croptopia:cantaloupe_seed":2,"minecraft:arrow":8,"minecraft:rotten_flesh":66,"croptopia:rhubarb":1,"croptopia:vanilla_seeds":3,"minecraft:obsidian":14,"minecraft:cobblestone":263,"minecraft:birch_log":5,"minecraft:mud_bricks":1,"minecraft:feather":5,"minecraft:water_bucket":2,"minecraft:salmon":18,"minecraft:jungle_log":165,"minecraft:andesite":5,"vinery:jungle_grape_seeds_red":8,"minecraft:potato":2,"minecraft:packed_mud":2,"minecraft:oak_log":6,"minecraft:waxed_weathered_cut_copper":1,"minecraft:gunpowder":2,"croptopia:celery":1,"minecraft:lapis_lazuli":108,"minecraft:dirt":17,"minecraft:name_tag":1,"croptopia:rice_seed":3,"knightquest:ratman_eye":4,"minecraft:bone":8,"minecraft:wheat_seeds":2,"minecraft:raw_gold":16,"minecraft:iron_ingot":1,"croptopia:pineapple":3,"minecraft:cooked_chicken":1,"minecraft:bamboo":21,"croptopia:roe":3,"minecraft:book":377,"minecraft:dark_oak_slab":5,"minecraft:black_terracotta":4,"patchouli:guide_book":1,"immersiveweapons:raw_cobalt":26,"croptopia:rice":2,"croptopia:celery_seed":1,"minecraft:jungle_planks":23,"minecraft:spider_eye":1,"minecraft:dark_prismarine_slab":5,"minecraft:diamond":57,"minecraft:iron_helmet":1,"croptopia:pineapple_seed":4,"minecraft:diamond_axe":2,"knightquest:small_essence":15,"minecraft:granite":13,"croptopia:onion_seed":6,"minecraft:coal":42,"croptopia:greenonion":1,"minecraft:diamond_pickaxe":1},"minecraft:killed":{"minecraft:cave_spider":1,"minecraft:witch":1,"minecraft:spider":1,"minecraft:skeleton":12,"minecraft:chicken":1,"minecraft:drowned":1,"minecraft:parrot":1,"minecraft:salmon":9,"knightquest:ratman":1,"minecraft:creeper":2,"minecraft:zombie":106},"minecraft:crafted":{"minecraft:furnace":3,"minecraft:iron_boots":1,"minecraft:stone_pickaxe":6,"minecraft:diamond_sword":1,"minecraft:diamond_axe":1,"minecraft:crafting_table":5,"minecraft:wooden_pickaxe":6,"minecraft:iron_helmet":1,"minecraft:bucket":1,"minecraft:stone_axe":3,"minecraft:air":0,"minecraft:jungle_planks":376,"minecraft:iron_chestplate":1,"minecraft:diamond_pickaxe":1,"minecraft:shield":2,"minecraft:stick":68,"minecraft:iron_ingot":43,"minecraft:iron_pickaxe":1,"minecraft:wooden_axe":2,"minecraft:stone_sword":2,"minecraft:iron_leggings":1},"minecraft:killed_by":{"minecraft:player":2},"minecraft:used":{"minecraft:stone_sword":59,"minecraft:shield":41,"minecraft:cooked_chicken":1,"minecraft:torch":13,"minecraft:dirt":13,"minecraft:jungle_planks":218,"minecraft:dark_oak_planks":17,"minecraft:wooden_axe":93,"minecraft:packed_mud":2,"minecraft:jungle_log":2,"minecraft:dark_oak_slab":3,"minecraft:waxed_weathered_cut_copper":1,"minecraft:mud_bricks":1,"epicfight:diamond_greatsword":89,"minecraft:item_frame":1,"minecraft:furnace":3,"minecraft:cobbled_deepslate":80,"epicfight:skillbook":1,"minecraft:water_bucket":8,"minecraft:stone_pickaxe":309,"minecraft:wooden_pickaxe":88,"minecraft:diamond_axe":113,"croptopia:rhubarb":1,"croptopia:pineapple":1,"minecraft:golden_apple":1,"minecraft:dark_prismarine_slab":2,"minecraft:crafting_table":13,"croptopia:rice":1,"minecraft:diamond_pickaxe":110,"minecraft:melon_slice":145,"minecraft:iron_pickaxe":249,"croptopia:greenonion":1,"minecraft:stone_axe":183,"minecraft:diamond_sword":21,"minecraft:cobblestone":153,"minecraft:bucket":9,"croptopia:onion":2,"croptopia:cantaloupe":1},"minecraft:mined":{"minecraft:dark_oak_planks":18,"minecraft:deepslate_diamond_ore":58,"croptopia:onion_crop":3,"minecraft:obsidian":15,"minecraft:cave_vines_plant":1,"gravestone:gravestone":6,"minecraft:granite":13,"minecraft:grass_block":5,"minecraft:jungle_log":165,"minecraft:mud_bricks":1,"minecraft:spawner":3,"minecraft:tall_seagrass":1,"minecraft:packed_mud":2,"minecraft:furnace":3,"minecraft:iron_ore":48,"minecraft:andesite":5,"minecraft:deepslate_lapis_ore":9,"minecraft:cave_vines":3,"minecraft:bookshelf":67,"minecraft:vine":26,"croptopia:rhubarb_crop":1,"minecraft:deepslate_iron_ore":4,"croptopia:greenonion_crop":1,"minecraft:bamboo":3,"minecraft:stone":228,"minecraft:player_head":1,"minecraft:tripwire":2,"vinery:jungle_grape_bush_red":1,"minecraft:note_block":13,"minecraft:crafting_table":12,"minecraft:torch":1,"immersiveweapons:deepslate_cobalt_ore":14,"croptopia:cinnamon_log":4,"minecraft:melon":45,"minecraft:sculk_sensor":1,"minecraft:lectern":1,"minecraft:cobblestone":12,"minecraft:deepslate_gold_ore":8,"minecraft:diorite":17,"minecraft:wall_torch":2,"minecraft:dark_oak_slab":6,"croptopia:pineapple_crop":2,"minecraft:dark_prismarine_slab":5,"croptopia:vanilla_crop":1,"croptopia:dragonfruit_crop":1,"minecraft:grass":25,"minecraft:oak_log":2,"minecraft:coal_ore":42,"croptopia:rice_crop":2,"minecraft:dirt":12,"minecraft:waxed_weathered_cut_copper":1,"minecraft:cobweb":13,"minecraft:fern":9,"minecraft:deepslate":197},"minecraft:broken":{"minecraft:wooden_pickaxe":1,"minecraft:stone_pickaxe":2,"minecraft:stone_axe":1,"minecraft:iron_pickaxe":1,"minecraft:wooden_axe":1},"minecraft:dropped":{"croptopia:pineapple_seed":1,"minecraft:wheat_seeds":2,"croptopia:vanilla_seeds":3,"minecraft:oak_log":2,"minecraft:crafting_table":2,"minecraft:dark_prismarine_slab":1,"minecraft:iron_helmet":1,"minecraft:feather":1,"minecraft:cobblestone":15,"minecraft:glow_berries":5,"minecraft:granite":51,"minecraft:jungle_planks":23,"vinery:jungle_grape_seeds_red":4,"minecraft:stick":2,"minecraft:gold_block":1,"croptopia:celery_seed":1,"minecraft:dirt":4,"croptopia:celery":1,"minecraft:diorite":17,"minecraft:wooden_axe":2,"minecraft:melon_slice":11,"minecraft:iron_leggings":1,"gravestone:obituary":7,"minecraft:dark_oak_planks":6,"croptopia:vanilla":1,"minecraft:string":15,"minecraft:birch_log":5,"croptopia:cantaloupe_seed":2,"minecraft:bone":6,"minecraft:furnace":3,"croptopia:date":1,"minecraft:stone_axe":1,"minecraft:stone_sword":2,"minecraft:cobbled_deepslate":33,"minecraft:cocoa_beans":16,"minecraft:chicken":1,"minecraft:black_terracotta":4,"minecraft:rotten_flesh":13,"minecraft:iron_boots":3,"croptopia:rhubarb_seed":1,"croptopia:cinnamon_log":4,"croptopia:rhubarb":1,"minecraft:salmon":9,"minecraft:diamond_sword":1,"minecraft:potato":1,"minecraft:mud_bricks":7,"croptopia:rice_seed":2,"minecraft:iron_chestplate":1,"minecraft:diamond_pickaxe":1,"minecraft:andesite":5,"minecraft:jungle_log":5,"croptopia:roe":3,"knightquest:ratman_eye":2,"croptopia:onion_seed":2,"minecraft:spider_eye":1,"minecraft:bamboo":5,"minecraft:arrow":12,"minecraft:stone_pickaxe":1,"minecraft:wooden_pickaxe":5,"minecraft:raw_gold":8,"minecraft:egg":1}},"DataVersion":3465}