{"stats":{"minecraft:custom":{"minecraft:open_barrel":1,"minecraft:time_since_rest":10093,"minecraft:play_time":10093,"minecraft:sprint_one_cm":34800,"minecraft:damage_taken":10,"minecraft:walk_one_cm":16488,"minecraft:mob_kills":1,"minecraft:jump":87,"minecraft:damage_dealt":100,"minecraft:leave_game":2,"minecraft:time_since_death":10093,"minecraft:total_world_time":10093,"minecraft:fall_one_cm":1254,"minecraft:fly_one_cm":44553},"minecraft:crafted":{"minecraft:crafting_table":1,"minecraft:spruce_planks":20,"minecraft:stick":8},"minecraft:mined":{"minecraft:large_fern":1,"immersiveweapons:sandbag":1,"minecraft:hay_block":1,"immersiveweapons:camp_chair":4,"minecraft:campfire":1,"minecraft:barrel":1,"minecraft:spruce_log":6},"minecraft:picked_up":{"minecraft:charcoal":2,"immersiveweapons:sandbag":3,"minecraft:hay_block":1,"minecraft:porkchop":3,"minecraft:spruce_log":6,"minecraft:barrel":1,"immersiveweapons:camp_chair":4},"minecraft:killed":{"minecraft:pig":1},"minecraft:used":{"immersiveweapons:copper_axe":6,"minecraft:bread":1}},"DataVersion":3465}