{"stats":{"minecraft:custom":{"minecraft:jump":39,"minecraft:time_since_rest":1417,"minecraft:sprint_one_cm":10947,"minecraft:play_time":1417,"minecraft:time_since_death":1417,"minecraft:walk_one_cm":3717,"minecraft:total_world_time":1417,"minecraft:fall_one_cm":209,"minecraft:fly_one_cm":16701},"minecraft:mined":{"minecraft:spruce_log":6},"minecraft:crafted":{"minecraft:crafting_table":1,"minecraft:spruce_planks":20,"minecraft:stick":8},"minecraft:picked_up":{"minecraft:spruce_log":6}},"DataVersion":3465}