{"stats":{"minecraft:custom":{"minecraft:mob_kills":88,"minecraft:interact_with_crafting_table":36,"minecraft:open_barrel":2,"goblintraders:trade_with_goblin":36,"minecraft:leave_game":2,"minecraft:time_since_death":126713,"minecraft:climb_one_cm":13751,"minecraft:sprint_one_cm":550084,"minecraft:walk_one_cm":778490,"minecraft:damage_blocked_by_shield":270,"minecraft:drop":48,"minecraft:play_time":126713,"minecraft:sneak_time":696,"minecraft:walk_under_water_one_cm":8483,"minecraft:jump":1142,"minecraft:walk_on_water_one_cm":25737,"minecraft:total_world_time":126713,"minecraft:interact_with_furnace":29,"minecraft:interact_with_cartography_table":1,"minecraft:interact_with_loom":2,"minecraft:sleep_in_bed":1,"minecraft:time_since_rest":38618,"minecraft:damage_taken":798,"minecraft:damage_dealt":11839,"minecraft:swim_one_cm":29215,"minecraft:fly_one_cm":153293,"minecraft:open_chest":18,"minecraft:crouch_one_cm":5493,"minecraft:fall_one_cm":14174},"minecraft:picked_up":{"minecraft:cocoa_beans":12,"minecraft:chicken":6,"immersiveweapons:copper_axe":1,"immersiveweapons:pliers":1,"minecraft:string":13,"minecraft:raw_copper":41,"immersiveweapons:iron_panel":8,"immersiveweapons:cobalt_pickaxe":3,"comforts:sleeping_bag_white":2,"minecraft:beef":16,"minecraft:iron_pickaxe":1,"minecraft:melon_slice":53,"minecraft:sugar_cane":9,"minecraft:egg":4,"immersiveweapons:rusted_iron_block":4,"minecraft:raw_iron":18,"minecraft:copper_ingot":5,"minecraft:torch":1,"croptopia:rhubarb_seed":2,"minecraft:porkchop":26,"minecraft:diorite":11,"immersiveweapons:iron_panel_bars":2,"immersiveweapons:copper_ring":1,"minecraft:stone_sword":1,"minecraft:arrow":10,"minecraft:rotten_flesh":4,"croptopia:rhubarb":1,"minecraft:iron_block":21,"minecraft:gold_ingot":2,"minecraft:mutton":15,"minecraft:white_wool":4,"minecraft:cobblestone":344,"minecraft:nautilus_shell":2,"minecraft:birch_log":6,"vinery:jungle_grape_seeds_red":5,"minecraft:feather":8,"minecraft:salmon":3,"croptopia:nectarine":9,"minecraft:andesite":16,"minecraft:jungle_log":14,"minecraft:leather":10,"immersiveweapons:wall_shelf":1,"minecraft:flint":2,"minecraft:oak_log":8,"minecraft:gunpowder":3,"minecraft:dirt":19,"minecraft:polished_granite":1,"minecraft:bone":19,"minecraft:apple":1,"minecraft:wheat_seeds":21,"croptopia:pineapple":1,"immersiveweapons:cobalt_axe":2,"croptopia:roe":6,"immersiveweapons:copper_sword":1,"immersiveweapons:raw_cobalt":51,"minecraft:jungle_planks":5,"sophisticatedbackpacks:iron_backpack":1,"simplyswords:iron_greathammer":1,"minecraft:spider_eye":2,"minecraft:polished_diorite":2,"minecraft:stone_axe":1,"croptopia:pineapple_seed":1,"knightquest:small_essence":6,"minecraft:granite":34,"minecraft:gray_wool":2,"minecraft:bread":2,"minecraft:black_wool":3,"minecraft:coal":43,"iceandfire:raw_silver":11,"minecraft:ender_pearl":1},"minecraft:killed":{"minecraft:spider":8,"minecraft:skeleton":13,"minecraft:bee":1,"minecraft:chicken":7,"minecraft:parrot":1,"minecraft:pig":12,"minecraft:salmon":4,"minecraft:bat":2,"minecraft:creeper":3,"minecraft:sheep":11,"minecraft:zombie":15,"minecraft:cow":8},"minecraft:crafted":{"immersiveweapons:cobalt_nugget":9,"minecraft:wooden_sword":1,"minecraft:iron_nugget":9,"simplyswords:iron_katana":1,"comforts:sleeping_bag_white":1,"minecraft:cooked_chicken":2,"minecraft:furnace":1,"immersiveweapons:cobalt_ingot":47,"immersiveweapons:cobalt_axe":1,"immersiveweapons:wooden_tool_rod":1,"minecraft:flint_and_steel":1,"immersiveweapons:cobalt_pike":1,"immersiveweapons:cobalt_sword":1,"minecraft:stone_pickaxe":2,"minecraft:chest":1,"sophisticatedbackpacks:iron_backpack":1,"knightquest:great_essence":1,"minecraft:emerald":8,"sophisticatedbackpacks:backpack":1,"iceandfire:silver_ingot":11,"minecraft:crafting_table":4,"immersiveweapons:cobalt_boots":1,"minecraft:wooden_pickaxe":1,"minecraft:copper_ingot":69,"immersiveweapons:cobalt_pickaxe":1,"immersiveweapons:cobalt_leggings":1,"minecraft:birch_planks":12,"minecraft:stone_axe":1,"immersiveweapons:cobalt_helmet":1,"simplyswords:iron_greathammer":1,"minecraft:jungle_planks":48,"immersiveweapons:cobalt_chestplate":1,"minecraft:charcoal":6,"minecraft:shield":1,"minecraft:stick":28,"minecraft:iron_ingot":101,"minecraft:iron_pickaxe":1,"minecraft:wooden_axe":1,"minecraft:stone_sword":1,"immersiveweapons:cobalt_pike_head":1,"minecraft:torch":8},"minecraft:mined":{"iceandfire:silver_ore":11,"minecraft:granite":35,"minecraft:grass_block":7,"minecraft:jungle_log":14,"immersiveweapons:iron_panel_bars":7,"minecraft:polished_diorite":8,"immersiveweapons:iron_panel":14,"immersiveweapons:wall_shelf":3,"minecraft:iron_ore":18,"minecraft:fire":2,"immersiveweapons:cobalt_ore":51,"minecraft:andesite":22,"croptopia:rhubarb_crop":1,"minecraft:vine":4,"minecraft:stone":402,"minecraft:iron_block":23,"vinery:jungle_grape_bush_red":2,"minecraft:polished_granite":1,"minecraft:melon":11,"minecraft:copper_ore":11,"minecraft:sugar_cane":1,"minecraft:diorite":12,"minecraft:wall_torch":1,"croptopia:pineapple_crop":1,"minecraft:birch_log":8,"minecraft:birch_leaves":3,"minecraft:bee_nest":1,"minecraft:grass":100,"minecraft:oak_log":6,"minecraft:coal_ore":43,"minecraft:cocoa":4,"minecraft:gravel":3,"minecraft:dirt":4,"immersiveweapons:rusted_iron_block":4,"minecraft:oak_leaves":8,"minecraft:fern":30},"minecraft:used":{"minecraft:stone_sword":5,"minecraft:flint_and_steel":2,"immersiveweapons:cobalt_axe":12,"minecraft:shield":9,"minecraft:cooked_chicken":2,"minecraft:torch":5,"minecraft:mutton":7,"simplyswords:iron_katana":58,"minecraft:wooden_axe":13,"minecraft:jungle_log":2,"immersiveweapons:cobalt_pickaxe":195,"minecraft:furnace":1,"minecraft:egg":2,"comforts:sleeping_bag_white":1,"minecraft:diorite":9,"immersiveweapons:cobalt_pike":10,"minecraft:stone_pickaxe":262,"minecraft:wooden_pickaxe":15,"croptopia:pineapple":1,"minecraft:crafting_table":4,"simplyswords:iron_greathammer":148,"croptopia:nectarine":9,"minecraft:apple":1,"minecraft:bread":10,"minecraft:melon_slice":23,"minecraft:iron_pickaxe":219,"minecraft:wooden_sword":4,"minecraft:cobblestone":12,"minecraft:porkchop":16},"minecraft:broken":{"minecraft:stone_pickaxe":2},"minecraft:dropped":{"sophisticatedbackpacks:iron_backpack":1,"croptopia:pineapple_seed":1,"minecraft:bread":2,"minecraft:wheat_seeds":4,"immersiveweapons:rusted_iron_block":4,"minecraft:granite":34,"minecraft:jungle_planks":10,"minecraft:copper_ingot":10,"vinery:jungle_grape_seeds_red":5,"minecraft:flint":1,"minecraft:stick":1,"minecraft:dirt":1,"minecraft:gray_wool":2,"minecraft:diorite":2,"immersiveweapons:cobalt_axe":2,"minecraft:iron_pickaxe":1,"minecraft:string":2,"immersiveweapons:iron_panel":8,"minecraft:birch_log":1,"minecraft:bone":1,"minecraft:polished_diorite":2,"minecraft:stone_axe":2,"immersiveweapons:raw_cobalt":4,"minecraft:sugar_cane":9,"immersiveweapons:iron_panel_bars":2,"minecraft:stone_sword":2,"minecraft:cocoa_beans":12,"minecraft:rotten_flesh":3,"croptopia:rhubarb_seed":2,"croptopia:rhubarb":1,"immersiveweapons:cobalt_nugget":8,"minecraft:andesite":16,"comforts:sleeping_bag_white":1,"knightquest:small_essence":1,"minecraft:polished_granite":1,"simplyswords:iron_greathammer":1}},"DataVersion":3465}