{"stats":{"minecraft:killed":{"minecraft:spider":11,"minecraft:skeleton":16,"minecraft:bee":1,"minecraft:chicken":19,"minecraft:parrot":1,"minecraft:pig":15,"minecraft:salmon":4,"minecraft:bat":3,"minecraft:creeper":3,"minecraft:sheep":11,"minecraft:pillager":20,"iceandfire:ghost":2,"minecraft:zombie":22,"minecraft:cow":8},"minecraft:custom":{"minecraft:interact_with_anvil":2,"minecraft:mob_kills":151,"minecraft:interact_with_crafting_table":43,"minecraft:open_barrel":5,"goblintraders:trade_with_goblin":36,"minecraft:damage_dealt_resisted":387,"minecraft:leave_game":8,"minecraft:time_since_death":30597,"minecraft:climb_one_cm":28239,"minecraft:sprint_one_cm":976623,"minecraft:damage_blocked_by_shield":1970,"minecraft:walk_one_cm":1383740,"minecraft:drop":75,"minecraft:damage_dealt_absorbed":160,"minecraft:play_time":220459,"minecraft:sneak_time":773,"minecraft:deaths":2,"minecraft:walk_under_water_one_cm":40516,"minecraft:jump":2300,"minecraft:walk_on_water_one_cm":86001,"minecraft:total_world_time":220459,"minecraft:interact_with_furnace":30,"minecraft:interact_with_cartography_table":1,"minecraft:interact_with_loom":2,"minecraft:sleep_in_bed":7,"minecraft:time_since_rest":11908,"minecraft:damage_taken":2483,"minecraft:damage_dealt":21975,"minecraft:swim_one_cm":35845,"minecraft:fly_one_cm":354246,"minecraft:open_chest":25,"minecraft:crouch_one_cm":5988,"minecraft:fall_one_cm":49620},"minecraft:crafted":{"immersiveweapons:cobalt_nugget":9,"minecraft:wooden_sword":1,"minecraft:oak_planks":8,"minecraft:iron_nugget":18,"simplyswords:iron_katana":1,"comforts:sleeping_bag_white":1,"minecraft:cooked_chicken":2,"minecraft:furnace":1,"immersiveweapons:cobalt_ingot":47,"immersiveweapons:cobalt_axe":1,"simplyswords:iron_warglaive":1,"immersiveweapons:wooden_tool_rod":1,"minecraft:flint_and_steel":1,"immersiveweapons:cobalt_pike":1,"immersiveweapons:cobalt_sword":1,"minecraft:stone_pickaxe":2,"minecraft:chest":1,"minecraft:dark_oak_planks":20,"sophisticatedbackpacks:iron_backpack":1,"knightquest:great_essence":1,"minecraft:emerald":8,"sophisticatedbackpacks:backpack":1,"iceandfire:silver_ingot":11,"minecraft:crafting_table":5,"immersiveweapons:cobalt_boots":1,"minecraft:wooden_pickaxe":1,"minecraft:copper_ingot":69,"minecraft:bucket":1,"immersiveweapons:cobalt_leggings":1,"immersiveweapons:cobalt_pickaxe":2,"minecraft:birch_planks":20,"minecraft:stone_axe":1,"immersiveweapons:cobalt_helmet":1,"simplyswords:iron_greathammer":1,"minecraft:jungle_planks":48,"immersiveweapons:cobalt_chestplate":1,"minecraft:charcoal":6,"minecraft:shield":1,"minecraft:stick":52,"minecraft:iron_ingot":101,"minecraft:iron_pickaxe":1,"minecraft:wooden_axe":1,"minecraft:stone_sword":1,"immersiveweapons:cobalt_pike_head":1,"minecraft:torch":24},"minecraft:used":{"minecraft:stone_sword":5,"minecraft:flint_and_steel":2,"immersiveweapons:cobalt_axe":80,"simplyswords:iron_warglaive":2,"minecraft:shield":71,"minecraft:cooked_chicken":2,"minecraft:torch":15,"minecraft:dirt":20,"minecraft:mutton":7,"simplyswords:iron_katana":72,"minecraft:dark_oak_planks":5,"minecraft:wooden_axe":13,"minecraft:jungle_log":2,"immersiveweapons:cobalt_pickaxe":440,"minecraft:goat_horn":1,"minecraft:furnace":1,"minecraft:egg":2,"comforts:sleeping_bag_white":7,"croptopia:coconut":3,"minecraft:diorite":9,"immersiveweapons:cobalt_pike":10,"minecraft:stone_pickaxe":262,"minecraft:wooden_pickaxe":15,"croptopia:pineapple":1,"minecraft:crafting_table":7,"simplyswords:iron_greathammer":311,"croptopia:nectarine":9,"minecraft:apple":6,"minecraft:bread":10,"minecraft:melon_slice":100,"minecraft:iron_pickaxe":219,"minecraft:wooden_sword":4,"minecraft:cobblestone":13,"minecraft:porkchop":16,"minecraft:bucket":1,"minecraft:experience_bottle":1},"minecraft:broken":{"immersiveweapons:cobalt_pickaxe":1,"minecraft:stone_pickaxe":2},"minecraft:mined":{"minecraft:tuff":1,"iceandfire:silver_ore":12,"minecraft:jungle_leaves":1,"gravestone:gravestone":2,"minecraft:granite":36,"minecraft:dark_oak_fence":24,"minecraft:grass_block":8,"minecraft:jungle_log":14,"immersiveweapons:iron_panel_bars":8,"minecraft:polished_diorite":12,"minecraft:moss_block":1,"immersiveweapons:iron_panel":20,"beachparty:seashell_block":5,"minecraft:redstone_ore":3,"immersiveweapons:wall_shelf":4,"minecraft:iron_ore":37,"minecraft:fire":2,"minecraft:andesite":22,"immersiveweapons:cobalt_ore":51,"immersiveweapons:sandbag":1,"minecraft:deepslate_iron_ore":5,"minecraft:pointed_dripstone":2,"croptopia:rhubarb_crop":1,"minecraft:vine":5,"minecraft:stone":419,"minecraft:iron_block":39,"minecraft:deepslate_redstone_ore":21,"vinery:jungle_grape_bush_red":2,"minecraft:polished_granite":1,"minecraft:clay":7,"minecraft:crafting_table":2,"minecraft:torch":4,"immersiveweapons:deepslate_cobalt_ore":1,"minecraft:melon":33,"minecraft:copper_ore":11,"minecraft:tall_grass":6,"minecraft:cobblestone":2,"minecraft:deepslate_gold_ore":27,"minecraft:sugar_cane":2,"minecraft:damaged_anvil":1,"minecraft:diorite":12,"minecraft:wall_torch":2,"croptopia:pineapple_crop":1,"minecraft:birch_log":8,"minecraft:birch_leaves":3,"minecraft:bee_nest":1,"minecraft:grass":125,"minecraft:oak_log":6,"minecraft:coal_ore":60,"minecraft:cocoa":4,"minecraft:gravel":4,"minecraft:sand":8,"minecraft:dirt":4,"immersiveweapons:rusted_iron_block":4,"minecraft:deepslate":76,"immersiveweapons:potassium_nitrate_ore":8,"minecraft:oak_leaves":8,"minecraft:fern":32},"minecraft:picked_up":{"minecraft:cocoa_beans":12,"minecraft:crafting_table":2,"minecraft:chicken":18,"minecraft:clay_ball":20,"immersiveweapons:copper_axe":1,"immersiveweapons:pliers":1,"gravestone:obituary":1,"minecraft:shield":1,"minecraft:string":18,"minecraft:raw_copper":41,"immersiveweapons:iron_panel":13,"beachparty:seashell":4,"immersiveweapons:cobalt_pickaxe":3,"minecraft:cobbled_deepslate":67,"comforts:sleeping_bag_white":8,"minecraft:beef":16,"croptopia:coconut":3,"minecraft:iron_nugget":8,"minecraft:iron_pickaxe":1,"minecraft:melon_slice":167,"minecraft:sugar_cane":15,"minecraft:egg":6,"minecraft:stick":1,"immersiveweapons:rusted_iron_block":4,"minecraft:raw_iron":42,"minecraft:copper_ingot":5,"minecraft:torch":3,"croptopia:rhubarb_seed":2,"minecraft:porkchop":35,"minecraft:diorite":11,"immersiveweapons:iron_panel_bars":3,"minecraft:redstone":91,"immersiveweapons:copper_ring":1,"minecraft:stone_sword":1,"minecraft:arrow":11,"minecraft:rotten_flesh":4,"minecraft:tropical_fish":2,"croptopia:rhubarb":1,"minecraft:iron_block":36,"minecraft:gold_ingot":3,"minecraft:mutton":15,"minecraft:white_wool":4,"minecraft:cobblestone":365,"minecraft:nautilus_shell":3,"minecraft:birch_log":6,"minecraft:feather":21,"croptopia:nectarine":9,"minecraft:andesite":16,"minecraft:salmon":3,"minecraft:jungle_log":14,"vinery:jungle_grape_seeds_red":5,"minecraft:leather":10,"minecraft:birch_planks":8,"immersiveweapons:wall_shelf":2,"minecraft:flint":3,"minecraft:oak_log":8,"iceandfire:ectoplasm":1,"minecraft:gunpowder":3,"minecraft:dirt":59,"minecraft:white_banner":1,"minecraft:polished_granite":1,"minecraft:bone":25,"minecraft:apple":1,"minecraft:wheat_seeds":29,"minecraft:raw_gold":27,"croptopia:pineapple":1,"immersiveweapons:cobalt_axe":2,"croptopia:roe":10,"immersiveweapons:copper_sword":1,"immersiveweapons:raw_cobalt":51,"minecraft:sand":8,"minecraft:jungle_planks":5,"sophisticatedbackpacks:iron_backpack":4,"simplyswords:iron_greathammer":1,"minecraft:spider_eye":2,"immersiveweapons:sandbag":3,"minecraft:polished_diorite":6,"minecraft:stone_axe":1,"croptopia:pineapple_seed":1,"minecraft:crossbow":2,"knightquest:small_essence":11,"minecraft:granite":34,"minecraft:gray_wool":2,"minecraft:bread":2,"minecraft:damaged_anvil":1,"minecraft:black_wool":3,"minecraft:dark_oak_fence":18,"minecraft:coal":60,"iceandfire:raw_silver":11,"minecraft:ender_pearl":1},"minecraft:dropped":{"sophisticatedbackpacks:iron_backpack":2,"croptopia:pineapple_seed":1,"minecraft:bread":2,"minecraft:porkchop":4,"minecraft:birch_planks":8,"minecraft:wheat_seeds":13,"minecraft:cobblestone":13,"immersiveweapons:rusted_iron_block":4,"minecraft:granite":34,"minecraft:jungle_planks":10,"immersiveweapons:wall_shelf":1,"minecraft:copper_ingot":10,"vinery:jungle_grape_seeds_red":5,"minecraft:flint":1,"minecraft:stick":1,"minecraft:dirt":27,"minecraft:gray_wool":2,"minecraft:diorite":2,"gravestone:obituary":3,"minecraft:sand":8,"immersiveweapons:cobalt_axe":2,"minecraft:iron_pickaxe":1,"minecraft:string":2,"minecraft:birch_log":1,"immersiveweapons:iron_panel":13,"minecraft:bone":1,"minecraft:polished_diorite":6,"minecraft:stone_axe":2,"immersiveweapons:raw_cobalt":4,"immersiveweapons:iron_panel_bars":2,"minecraft:sugar_cane":15,"minecraft:cobbled_deepslate":3,"minecraft:stone_sword":2,"minecraft:cocoa_beans":12,"minecraft:rotten_flesh":3,"croptopia:rhubarb_seed":2,"croptopia:rhubarb":1,"immersiveweapons:cobalt_nugget":8,"minecraft:shield":1,"minecraft:andesite":16,"comforts:sleeping_bag_white":1,"knightquest:small_essence":1,"minecraft:polished_granite":1,"simplyswords:iron_greathammer":1,"minecraft:egg":2}},"DataVersion":3465}