{"stats":{"minecraft:picked_up":{"minecraft:iron_chestplate":2,"minecraft:wheat":10,"minecraft:iron_trapdoor":1,"croptopia:cinnamon_log":6,"minecraft:lead":5,"immersiveweapons:copper_axe":1,"minecraft:acacia_pressure_plate":1,"immersiveweapons:pliers":1,"minecraft:polished_deepslate_wall":1,"minecraft:amethyst_block":76,"minecraft:polished_deepslate":4,"minecraft:string":20,"minecraft:dark_oak_trapdoor":2,"minecraft:raw_copper":53,"minecraft:red_nether_bricks":57,"iceandfire:sea_serpent_scales_bronze":4,"minecraft:gold_nugget":1,"minecraft:cobbled_deepslate":380,"comforts:sleeping_bag_white":20,"minecraft:calcite":6,"minecraft:iron_pickaxe":2,"minecraft:melon_slice":382,"minecraft:smooth_quartz_stairs":7,"minecraft:stick":37,"minecraft:jukebox":1,"minecraft:torch":18,"minecraft:acacia_log":11,"minecraft:porkchop":42,"croptopia:ginger_seed":1,"minecraft:diorite":13,"immersiveweapons:copper_ring":3,"minecraft:orange_bed":3,"iceandfire:lightning_lily":3,"minecraft:stone_sword":1,"minecraft:rotten_flesh":41,"croptopia:squash_seed":1,"minecraft:tropical_fish":3,"minecraft:iron_block":36,"minecraft:cobblestone":478,"minecraft:nautilus_shell":3,"minecraft:birch_log":6,"minecraft:feather":24,"croptopia:nectarine":9,"minecraft:andesite":16,"minecraft:jungle_log":27,"minecraft:jungle_wood":1,"minecraft:potato":1,"minecraft:flint":7,"minecraft:tuff":43,"minecraft:acacia_boat":2,"minecraft:lapis_lazuli":81,"minecraft:mangrove_slab":10,"minecraft:dirt":82,"minecraft:polished_granite":1,"knightquest:ratman_eye":4,"immersiveweapons:cobalt_sword":1,"minecraft:bone":48,"minecraft:wheat_seeds":68,"minecraft:raw_gold":49,"minecraft:mossy_stone_bricks":1,"croptopia:roe":10,"croptopia:dragonfruit":1,"immersiveweapons:copper_sword":1,"croptopia:ginger":1,"minecraft:sand":8,"minecraft:jungle_planks":7,"sophisticatedbackpacks:iron_backpack":5,"simplyswords:iron_greathammer":2,"minecraft:barrel":1,"minecraft:diamond":9,"immersiveweapons:sandbag":3,"croptopia:pineapple_seed":1,"minecraft:crossbow":4,"knightquest:small_essence":29,"minecraft:granite":34,"minecraft:golden_apple":3,"minecraft:emerald":2,"minecraft:bread":5,"minecraft:dark_oak_fence":18,"iceandfire:raw_silver":12,"minecraft:cocoa_beans":12,"minecraft:crafting_table":2,"minecraft:chicken":20,"minecraft:clay_ball":72,"minecraft:brown_mushroom":1,"gravestone:obituary":4,"minecraft:shield":1,"minecraft:red_bed":1,"minecraft:iron_axe":1,"immersiveweapons:iron_panel":13,"minecraft:item_frame":3,"beachparty:seashell":4,"minecraft:cyan_carpet":7,"immersiveweapons:cobalt_pickaxe":3,"iceandfire:bestiary":1,"minecraft:cartography_table":2,"minecraft:beef":17,"minecraft:player_head":3,"minecraft:iron_nugget":57,"croptopia:coconut":3,"minecraft:poppy":1,"minecraft:sugar_cane":23,"minecraft:egg":8,"immersiveweapons:rusted_iron_block":4,"immersiveweapons:azul_keystone_fragment":2,"minecraft:raw_iron":61,"minecraft:stripped_mangrove_wood":15,"minecraft:copper_ingot":11,"croptopia:rhubarb_seed":2,"immersiveweapons:iron_panel_bars":3,"minecraft:carrot":6,"minecraft:redstone":160,"minecraft:mangrove_trapdoor":3,"minecraft:dark_oak_planks":7,"minecraft:arrow":35,"minecraft:hay_block":4,"croptopia:rhubarb":1,"minecraft:stripped_dark_oak_wood":3,"minecraft:saddle":1,"minecraft:gold_ingot":3,"minecraft:mutton":15,"minecraft:bone_block":1,"minecraft:white_wool":5,"simplyswords:iron_katana":1,"iceandfire:sea_serpent_fang":12,"minecraft:glow_ink_sac":4,"minecraft:tripwire_hook":4,"minecraft:salmon":3,"vinery:jungle_grape_seeds_red":5,"minecraft:leather":10,"minecraft:acacia_wood":1,"minecraft:birch_planks":8,"immersiveweapons:wall_shelf":2,"minecraft:oak_log":13,"iceandfire:ectoplasm":2,"minecraft:gunpowder":7,"minecraft:white_banner":3,"minecraft:cooked_mutton":1,"minecraft:stone_bricks":1,"minecraft:apple":17,"minecraft:gray_carpet":2,"croptopia:squash":1,"minecraft:iron_ingot":1,"croptopia:pineapple":1,"friendsandfoes:acacia_beehive":5,"beachparty:overgrown_disc":1,"immersiveweapons:cobalt_axe":3,"minecraft:dark_oak_stairs":3,"minecraft:book":74,"minecraft:polished_andesite_stairs":1,"minecraft:dark_oak_slab":12,"iceandfire:sea_serpent_scales_green":16,"immersiveweapons:raw_cobalt":51,"minecraft:dandelion":42,"minecraft:gravel":1,"minecraft:amethyst_shard":5,"epicfight:uchigatana":1,"minecraft:blast_furnace":3,"minecraft:nether_brick_slab":1,"minecraft:spider_eye":5,"minecraft:polished_diorite":6,"minecraft:stone_axe":1,"minecraft:gray_wool":2,"minecraft:melon_seeds":1,"minecraft:damaged_anvil":1,"minecraft:black_wool":6,"minecraft:coal":95,"minecraft:ender_pearl":1},"minecraft:custom":{"minecraft:animals_bred":11,"minecraft:interact_with_crafting_table":53,"minecraft:open_barrel":64,"goblintraders:trade_with_goblin":36,"minecraft:bell_ring":6,"minecraft:leave_game":17,"minecraft:time_since_death":6149,"minecraft:sprint_one_cm":2493991,"minecraft:damage_blocked_by_shield":3400,"minecraft:drop":203,"minecraft:play_noteblock":1,"minecraft:talked_to_villager":110,"minecraft:play_time":597500,"minecraft:deaths":4,"minecraft:jump":5830,"minecraft:interact_with_brewingstand":2,"minecraft:walk_on_water_one_cm":152715,"minecraft:interact_with_furnace":31,"minecraft:traded_with_villager":1,"minecraft:interact_with_cartography_table":3,"minecraft:interact_with_loom":2,"minecraft:sleep_in_bed":28,"minecraft:damage_dealt":52705,"minecraft:crouch_one_cm":29234,"minecraft:horse_one_cm":166124,"minecraft:interact_with_anvil":27,"minecraft:mob_kills":286,"minecraft:damage_dealt_resisted":387,"minecraft:climb_one_cm":46696,"minecraft:walk_one_cm":3926085,"minecraft:damage_dealt_absorbed":160,"minecraft:raid_win":1,"minecraft:sneak_time":6174,"minecraft:walk_under_water_one_cm":86708,"minecraft:boat_one_cm":24594,"minecraft:total_world_time":597500,"minecraft:raid_trigger":1,"minecraft:interact_with_grindstone":6,"minecraft:time_since_rest":5424,"minecraft:damage_taken":6589,"minecraft:damage_absorbed":133,"minecraft:trigger_trapped_chest":9,"minecraft:swim_one_cm":97551,"minecraft:fly_one_cm":1023905,"minecraft:open_chest":128,"minecraft:fall_one_cm":130678},"minecraft:broken":{"immersiveweapons:cobalt_helmet":1,"immersiveweapons:cobalt_pickaxe":2,"minecraft:stone_pickaxe":2,"immersiveweapons:cobalt_axe":1,"immersiveweapons:cobalt_boots":1,"simplyswords:iron_greathammer":1,"minecraft:iron_pickaxe":1},"minecraft:killed":{"minecraft:spider":17,"minecraft:skeleton":39,"minecraft:bee":2,"minecraft:chicken":22,"minecraft:turtle":1,"minecraft:parrot":1,"minecraft:pig":18,"minecraft:salmon":4,"minecraft:creeper":6,"minecraft:sheep":13,"minecraft:pillager":29,"minecraft:zombie":39,"iceandfire:sea_serpent":2,"minecraft:cow":8,"minecraft:vindicator":4,"knightquest:bad_patch":1,"friendsandfoes:mauler":2,"minecraft:husk":30,"knightquest:ratman":3,"minecraft:bat":3,"minecraft:frog":12,"iceandfire:ghost":12,"minecraft:enderman":1},"minecraft:crafted":{"minecraft:oak_planks":28,"simplyswords:iron_katana":1,"minecraft:cooked_chicken":2,"immersiveweapons:cobalt_ingot":47,"immersiveweapons:cobalt_axe":1,"immersiveweapons:cobalt_pike":1,"minecraft:chest":3,"knightquest:great_essence":1,"sophisticatedbackpacks:backpack":1,"minecraft:emerald":8,"minecraft:crafting_table":6,"minecraft:wooden_pickaxe":1,"minecraft:copper_ingot":69,"immersiveweapons:cobalt_pickaxe":2,"minecraft:birch_planks":20,"immersiveweapons:cobalt_helmet":2,"minecraft:book":1,"minecraft:paper":6,"minecraft:charcoal":6,"minecraft:shield":1,"minecraft:stick":60,"minecraft:iron_ingot":101,"minecraft:iron_pickaxe":1,"minecraft:stone_sword":1,"immersiveweapons:cobalt_nugget":9,"minecraft:wooden_sword":1,"minecraft:iron_nugget":18,"comforts:sleeping_bag_white":1,"minecraft:furnace":1,"minecraft:bone_meal":9,"simplyswords:iron_warglaive":1,"immersiveweapons:wooden_tool_rod":1,"minecraft:flint_and_steel":1,"immersiveweapons:cobalt_sword":1,"minecraft:stone_pickaxe":2,"minecraft:dark_oak_planks":20,"minecraft:wheat":36,"sophisticatedbackpacks:iron_backpack":1,"iceandfire:silver_ingot":11,"immersiveweapons:cobalt_boots":2,"minecraft:iron_sword":1,"minecraft:bucket":1,"immersiveweapons:cobalt_leggings":1,"minecraft:stone_axe":1,"minecraft:acacia_boat":1,"simplyswords:iron_greathammer":1,"minecraft:jungle_planks":100,"immersiveweapons:cobalt_chestplate":1,"minecraft:wooden_axe":1,"immersiveweapons:cobalt_pike_head":1,"minecraft:acacia_planks":32,"minecraft:torch":48},"minecraft:dropped":{"sophisticatedbackpacks:iron_backpack":2,"croptopia:pineapple_seed":1,"minecraft:acacia_boat":1,"minecraft:acacia_wood":1,"minecraft:birch_planks":8,"minecraft:brown_mushroom":1,"minecraft:porkchop":4,"minecraft:glow_ink_sac":2,"immersiveweapons:cobalt_sword":1,"minecraft:dark_oak_slab":4,"minecraft:crossbow":3,"minecraft:jungle_planks":10,"iceandfire:ectoplasm":2,"minecraft:saddle":1,"minecraft:flint":1,"minecraft:dirt":31,"minecraft:red_bed":1,"croptopia:squash_seed":1,"beachparty:overgrown_disc":1,"minecraft:dark_oak_trapdoor":2,"beachparty:rubber_ring_pelican":1,"gravestone:obituary":6,"minecraft:gold_nugget":1,"immersiveweapons:cobalt_axe":3,"minecraft:sand":8,"minecraft:iron_pickaxe":2,"minecraft:dark_oak_planks":14,"minecraft:birch_log":1,"minecraft:white_wool":2,"minecraft:mangrove_slab":10,"perfectplushies:gamerpotion_plushie_rare":1,"minecraft:gold_ingot":3,"minecraft:bone":7,"minecraft:gravel":1,"minecraft:stone_axe":2,"minecraft:sugar_cane":15,"immersiveweapons:iron_panel_bars":2,"minecraft:iron_nugget":49,"simplyswords:iron_katana":2,"minecraft:cobbled_deepslate":215,"minecraft:rotten_flesh":22,"minecraft:carrot":9,"minecraft:poppy":1,"minecraft:gunpowder":5,"minecraft:melon_seeds":1,"iceandfire:bestiary":1,"comforts:sleeping_bag_white":1,"minecraft:beef":2,"croptopia:squash":1,"minecraft:polished_granite":1,"minecraft:acacia_pressure_plate":1,"minecraft:egg":4,"immersiveweapons:copper_ring":1,"minecraft:bread":2,"minecraft:wheat_seeds":43,"minecraft:mangrove_trapdoor":3,"minecraft:cobblestone":13,"minecraft:golden_axe":1,"minecraft:lead":1,"immersiveweapons:rusted_iron_block":4,"minecraft:apple":2,"minecraft:granite":34,"immersiveweapons:wall_shelf":1,"minecraft:copper_ingot":22,"minecraft:tropical_fish":1,"vinery:jungle_grape_seeds_red":5,"minecraft:golden_apple":1,"minecraft:stick":56,"croptopia:ginger_seed":1,"minecraft:gray_wool":2,"minecraft:diorite":3,"minecraft:torch":15,"minecraft:melon_slice":148,"immersiveweapons:azul_keystone_fragment":2,"minecraft:white_banner":3,"minecraft:iron_axe":1,"minecraft:string":2,"immersiveweapons:iron_panel":13,"minecraft:acacia_planks":3,"minecraft:dandelion":42,"minecraft:redstone":31,"minecraft:polished_diorite":6,"minecraft:nether_brick_slab":1,"immersiveweapons:raw_cobalt":4,"epicfight:uchigatana":1,"minecraft:stone_sword":2,"minecraft:cocoa_beans":12,"croptopia:ginger":1,"minecraft:tuff":43,"minecraft:clay_ball":72,"croptopia:rhubarb_seed":2,"croptopia:rhubarb":1,"immersiveweapons:cobalt_nugget":8,"minecraft:shield":1,"minecraft:iron_chestplate":2,"minecraft:andesite":16,"croptopia:roe":4,"minecraft:spider_eye":3,"knightquest:small_essence":4,"minecraft:black_wool":3,"epicfight:skillbook":7,"simplyswords:iron_greathammer":2},"minecraft:mined":{"minecraft:dark_oak_planks":2,"minecraft:large_amethyst_bud":2,"minecraft:jungle_leaves":42,"minecraft:red_nether_bricks":83,"minecraft:granite":36,"minecraft:budding_amethyst":6,"minecraft:acacia_log":11,"minecraft:grass_block":28,"minecraft:jungle_log":27,"immersiveweapons:iron_panel_bars":8,"minecraft:polished_diorite":12,"minecraft:acacia_pressure_plate":1,"minecraft:spawner":4,"beachparty:seashell_block":5,"comforts:sleeping_bag_white":1,"minecraft:dark_oak_trapdoor":2,"minecraft:iron_ore":49,"minecraft:barrel":1,"minecraft:fire":2,"minecraft:deepslate_lapis_ore":15,"minecraft:stripped_dark_oak_wood":3,"minecraft:dark_oak_stairs":3,"immersiveweapons:sandbag":1,"minecraft:pointed_dripstone":3,"minecraft:cave_vines":1,"minecraft:small_amethyst_bud":6,"minecraft:stripped_mangrove_wood":15,"minecraft:iron_block":39,"minecraft:player_head":3,"minecraft:orange_bed":4,"minecraft:deepslate_redstone_ore":46,"vinery:jungle_grape_bush_red":2,"minecraft:brown_mushroom":1,"minecraft:red_bed":1,"minecraft:medium_amethyst_bud":1,"minecraft:amethyst_cluster":1,"minecraft:clay":9,"minecraft:torch":4,"minecraft:blast_furnace":3,"immersiveweapons:deepslate_cobalt_ore":1,"croptopia:cinnamon_log":6,"minecraft:calcite":9,"minecraft:polished_andesite_stairs":1,"minecraft:poppy":1,"minecraft:melon":46,"minecraft:nether_brick_slab":1,"minecraft:cobblestone":9,"minecraft:damaged_anvil":1,"minecraft:sugar_cane":5,"minecraft:wall_torch":2,"minecraft:amethyst_block":75,"minecraft:skeleton_skull":1,"minecraft:dark_oak_slab":11,"minecraft:jungle_wood":1,"minecraft:dark_oak_door":1,"croptopia:pineapple_crop":1,"minecraft:birch_log":8,"minecraft:wheat":10,"minecraft:jukebox":1,"minecraft:wither_rose":1,"minecraft:grass":166,"croptopia:cinnamon_leaves":1,"minecraft:oak_log":11,"minecraft:acacia_fence":1,"minecraft:sand":8,"minecraft:dirt":18,"minecraft:tripwire_hook":5,"immersiveweapons:rusted_iron_block":4,"minecraft:dispenser":1,"croptopia:basil_crop":1,"minecraft:polished_deepslate_wall":1,"minecraft:oak_leaves":32,"minecraft:deepslate":872,"iceandfire:lightning_lily":3,"minecraft:tuff":159,"iceandfire:silver_ore":13,"minecraft:mossy_cobblestone":2,"minecraft:deepslate_diamond_ore":9,"gravestone:gravestone":3,"minecraft:dark_oak_fence":24,"minecraft:jungle_planks":2,"minecraft:redstone_wire":2,"iceandfire:deepslate_silver_ore":1,"minecraft:mangrove_trapdoor":3,"minecraft:moss_block":3,"minecraft:cartography_table":2,"immersiveweapons:iron_panel":20,"minecraft:hay_block":4,"croptopia:ginger_crop":1,"minecraft:redstone_ore":3,"immersiveweapons:wall_shelf":4,"minecraft:furnace":1,"minecraft:acacia_wood":1,"minecraft:andesite":23,"immersiveweapons:cobalt_ore":51,"minecraft:polished_deepslate":4,"minecraft:bookshelf":25,"croptopia:squash_crop":1,"croptopia:rhubarb_crop":1,"minecraft:deepslate_iron_ore":12,"minecraft:vine":10,"minecraft:smooth_quartz_stairs":7,"minecraft:stone":530,"minecraft:bone_block":1,"minecraft:glass_pane":1,"minecraft:dandelion":16,"minecraft:polished_granite":1,"minecraft:crafting_table":2,"minecraft:copper_ore":15,"minecraft:tall_grass":15,"friendsandfoes:acacia_beehive":5,"minecraft:deepslate_gold_ore":49,"minecraft:diorite":13,"minecraft:birch_leaves":3,"minecraft:bee_nest":1,"minecraft:mangrove_slab":3,"minecraft:coal_ore":95,"minecraft:cocoa":4,"minecraft:gravel":31,"minecraft:stone_bricks":3,"minecraft:mossy_stone_bricks":2,"minecraft:iron_trapdoor":1,"minecraft:fern":33,"immersiveweapons:potassium_nitrate_ore":8},"minecraft:used":{"immersiveweapons:cobalt_axe":267,"minecraft:chest":2,"minecraft:shield":140,"minecraft:iron_sword":14,"minecraft:mutton":7,"minecraft:jungle_planks":31,"minecraft:carrot":8,"minecraft:dark_oak_slab":4,"immersiveweapons:cobalt_pickaxe":594,"minecraft:furnace":1,"minecraft:egg":2,"croptopia:coconut":3,"epicfight:skillbook":17,"minecraft:diorite":10,"minecraft:damaged_anvil":1,"immersiveweapons:cobalt_pike":10,"minecraft:stone_pickaxe":262,"minecraft:oak_planks":20,"minecraft:wooden_pickaxe":15,"minecraft:stripped_mangrove_wood":15,"minecraft:golden_apple":5,"immersiveweapons:copper_axe":7,"minecraft:crossbow":43,"simplyswords:iron_greathammer":445,"croptopia:nectarine":9,"minecraft:melon_slice":236,"minecraft:bread":47,"minecraft:wooden_sword":4,"minecraft:experience_bottle":1,"minecraft:stone_sword":5,"minecraft:flint_and_steel":2,"minecraft:tropical_fish":2,"immersiveweapons:cobalt_sword":41,"simplyswords:iron_warglaive":2,"minecraft:cooked_chicken":2,"minecraft:orange_bed":3,"minecraft:torch":36,"minecraft:dirt":40,"simplyswords:iron_katana":90,"minecraft:dark_oak_planks":5,"minecraft:wooden_axe":13,"minecraft:iron_axe":1,"minecraft:jungle_log":2,"minecraft:beef":13,"minecraft:goat_horn":1,"comforts:sleeping_bag_white":20,"minecraft:cobbled_deepslate":175,"minecraft:wheat_seeds":9,"minecraft:acacia_boat":2,"minecraft:amethyst_block":45,"minecraft:red_nether_bricks":23,"minecraft:cartography_table":2,"croptopia:pineapple":1,"croptopia:dragonfruit":1,"minecraft:crafting_table":8,"minecraft:apple":13,"minecraft:chicken":2,"minecraft:iron_pickaxe":1522,"friendsandfoes:acacia_beehive":5,"minecraft:cobblestone":188,"minecraft:porkchop":19,"minecraft:bucket":1,"epicfight:uchigatana":317}},"DataVersion":3465}