{"stats":{"minecraft:dropped":{"sophisticatedbackpacks:iron_backpack":2,"croptopia:pineapple_seed":1,"minecraft:bread":2,"minecraft:birch_planks":8,"minecraft:wheat_seeds":7,"immersiveweapons:rusted_iron_block":4,"minecraft:granite":34,"minecraft:jungle_planks":10,"minecraft:copper_ingot":10,"vinery:jungle_grape_seeds_red":5,"minecraft:flint":1,"minecraft:stick":1,"minecraft:dirt":1,"minecraft:gray_wool":2,"minecraft:diorite":2,"minecraft:sand":8,"immersiveweapons:cobalt_axe":2,"minecraft:iron_pickaxe":1,"minecraft:string":2,"minecraft:birch_log":1,"immersiveweapons:iron_panel":8,"minecraft:bone":1,"minecraft:polished_diorite":2,"minecraft:stone_axe":2,"immersiveweapons:raw_cobalt":4,"minecraft:sugar_cane":14,"immersiveweapons:iron_panel_bars":2,"minecraft:cobbled_deepslate":2,"minecraft:stone_sword":2,"minecraft:cocoa_beans":12,"minecraft:rotten_flesh":3,"croptopia:rhubarb_seed":2,"croptopia:rhubarb":1,"immersiveweapons:cobalt_nugget":8,"minecraft:andesite":16,"comforts:sleeping_bag_white":1,"knightquest:small_essence":1,"minecraft:polished_granite":1,"simplyswords:iron_greathammer":1,"minecraft:egg":2},"minecraft:broken":{"minecraft:stone_pickaxe":2},"minecraft:picked_up":{"minecraft:cocoa_beans":12,"minecraft:crafting_table":2,"minecraft:chicken":18,"immersiveweapons:copper_axe":1,"immersiveweapons:pliers":1,"minecraft:string":13,"minecraft:raw_copper":41,"immersiveweapons:iron_panel":8,"beachparty:seashell":4,"immersiveweapons:cobalt_pickaxe":3,"minecraft:cobbled_deepslate":2,"comforts:sleeping_bag_white":5,"minecraft:beef":16,"minecraft:iron_nugget":8,"minecraft:iron_pickaxe":1,"minecraft:melon_slice":144,"minecraft:sugar_cane":14,"minecraft:egg":6,"immersiveweapons:rusted_iron_block":4,"minecraft:raw_iron":37,"minecraft:copper_ingot":5,"minecraft:torch":1,"croptopia:rhubarb_seed":2,"minecraft:porkchop":29,"minecraft:diorite":11,"immersiveweapons:iron_panel_bars":2,"minecraft:redstone":14,"immersiveweapons:copper_ring":1,"minecraft:stone_sword":1,"minecraft:arrow":10,"minecraft:rotten_flesh":4,"croptopia:rhubarb":1,"minecraft:iron_block":21,"minecraft:gold_ingot":2,"minecraft:mutton":15,"minecraft:white_wool":4,"minecraft:cobblestone":359,"minecraft:nautilus_shell":2,"minecraft:birch_log":6,"minecraft:feather":21,"vinery:jungle_grape_seeds_red":5,"croptopia:nectarine":9,"minecraft:andesite":16,"minecraft:salmon":3,"minecraft:jungle_log":14,"minecraft:leather":10,"minecraft:birch_planks":8,"immersiveweapons:wall_shelf":1,"minecraft:flint":2,"minecraft:oak_log":8,"minecraft:gunpowder":3,"minecraft:dirt":19,"minecraft:white_banner":1,"minecraft:polished_granite":1,"minecraft:bone":19,"minecraft:apple":1,"minecraft:wheat_seeds":23,"minecraft:raw_gold":4,"croptopia:pineapple":1,"immersiveweapons:cobalt_axe":2,"croptopia:roe":6,"immersiveweapons:copper_sword":1,"immersiveweapons:raw_cobalt":51,"minecraft:sand":8,"minecraft:jungle_planks":5,"sophisticatedbackpacks:iron_backpack":2,"simplyswords:iron_greathammer":1,"minecraft:spider_eye":2,"immersiveweapons:sandbag":3,"minecraft:polished_diorite":2,"minecraft:stone_axe":1,"croptopia:pineapple_seed":1,"minecraft:crossbow":2,"knightquest:small_essence":8,"minecraft:granite":34,"minecraft:gray_wool":2,"minecraft:bread":2,"minecraft:dark_oak_fence":18,"minecraft:black_wool":3,"minecraft:coal":60,"iceandfire:raw_silver":11,"minecraft:ender_pearl":1},"minecraft:crafted":{"immersiveweapons:cobalt_nugget":9,"minecraft:wooden_sword":1,"minecraft:oak_planks":8,"minecraft:iron_nugget":18,"simplyswords:iron_katana":1,"comforts:sleeping_bag_white":1,"minecraft:cooked_chicken":2,"minecraft:furnace":1,"immersiveweapons:cobalt_ingot":47,"immersiveweapons:cobalt_axe":1,"simplyswords:iron_warglaive":1,"immersiveweapons:wooden_tool_rod":1,"minecraft:flint_and_steel":1,"immersiveweapons:cobalt_pike":1,"immersiveweapons:cobalt_sword":1,"minecraft:stone_pickaxe":2,"minecraft:chest":1,"sophisticatedbackpacks:iron_backpack":1,"knightquest:great_essence":1,"minecraft:emerald":8,"sophisticatedbackpacks:backpack":1,"iceandfire:silver_ingot":11,"minecraft:crafting_table":5,"immersiveweapons:cobalt_boots":1,"minecraft:wooden_pickaxe":1,"minecraft:copper_ingot":69,"immersiveweapons:cobalt_leggings":1,"immersiveweapons:cobalt_pickaxe":1,"minecraft:birch_planks":20,"minecraft:stone_axe":1,"immersiveweapons:cobalt_helmet":1,"simplyswords:iron_greathammer":1,"minecraft:jungle_planks":48,"immersiveweapons:cobalt_chestplate":1,"minecraft:charcoal":6,"minecraft:shield":1,"minecraft:stick":36,"minecraft:iron_ingot":101,"minecraft:iron_pickaxe":1,"minecraft:wooden_axe":1,"minecraft:stone_sword":1,"immersiveweapons:cobalt_pike_head":1,"minecraft:torch":8},"minecraft:mined":{"iceandfire:silver_ore":12,"minecraft:jungle_leaves":1,"minecraft:granite":35,"minecraft:dark_oak_fence":24,"minecraft:grass_block":7,"minecraft:jungle_log":14,"immersiveweapons:iron_panel_bars":7,"minecraft:polished_diorite":8,"immersiveweapons:iron_panel":14,"beachparty:seashell_block":5,"minecraft:redstone_ore":3,"immersiveweapons:wall_shelf":3,"minecraft:iron_ore":37,"minecraft:fire":2,"immersiveweapons:cobalt_ore":51,"minecraft:andesite":22,"immersiveweapons:sandbag":1,"minecraft:pointed_dripstone":2,"croptopia:rhubarb_crop":1,"minecraft:vine":5,"minecraft:stone":419,"minecraft:iron_block":23,"vinery:jungle_grape_bush_red":2,"minecraft:polished_granite":1,"minecraft:crafting_table":2,"minecraft:torch":2,"minecraft:melon":28,"minecraft:cobblestone":2,"minecraft:tall_grass":3,"minecraft:copper_ore":11,"minecraft:deepslate_gold_ore":4,"minecraft:sugar_cane":1,"minecraft:diorite":12,"minecraft:wall_torch":2,"croptopia:pineapple_crop":1,"minecraft:birch_log":8,"minecraft:birch_leaves":3,"minecraft:bee_nest":1,"minecraft:grass":111,"minecraft:oak_log":6,"minecraft:coal_ore":60,"minecraft:cocoa":4,"minecraft:gravel":3,"minecraft:sand":8,"minecraft:dirt":4,"immersiveweapons:rusted_iron_block":4,"minecraft:oak_leaves":8,"minecraft:deepslate":2,"minecraft:fern":32,"immersiveweapons:potassium_nitrate_ore":8},"minecraft:custom":{"minecraft:mob_kills":133,"minecraft:interact_with_crafting_table":39,"minecraft:open_barrel":4,"goblintraders:trade_with_goblin":36,"minecraft:leave_game":6,"minecraft:time_since_death":166050,"minecraft:climb_one_cm":16075,"minecraft:sprint_one_cm":666179,"minecraft:damage_blocked_by_shield":1785,"minecraft:walk_one_cm":1064449,"minecraft:drop":55,"minecraft:play_time":166050,"minecraft:sneak_time":773,"minecraft:walk_under_water_one_cm":31200,"minecraft:jump":1554,"minecraft:walk_on_water_one_cm":46413,"minecraft:total_world_time":166050,"minecraft:interact_with_furnace":29,"minecraft:interact_with_cartography_table":1,"minecraft:interact_with_loom":2,"minecraft:sleep_in_bed":4,"minecraft:time_since_rest":5301,"minecraft:damage_taken":995,"minecraft:damage_dealt":18171,"minecraft:swim_one_cm":30934,"minecraft:fly_one_cm":217758,"minecraft:open_chest":19,"minecraft:crouch_one_cm":5988,"minecraft:fall_one_cm":23891},"minecraft:used":{"minecraft:stone_sword":5,"minecraft:flint_and_steel":2,"immersiveweapons:cobalt_axe":79,"simplyswords:iron_warglaive":2,"minecraft:shield":65,"minecraft:cooked_chicken":2,"minecraft:torch":8,"minecraft:mutton":7,"simplyswords:iron_katana":66,"minecraft:wooden_axe":13,"minecraft:jungle_log":2,"immersiveweapons:cobalt_pickaxe":270,"minecraft:furnace":1,"minecraft:egg":2,"comforts:sleeping_bag_white":4,"minecraft:diorite":9,"immersiveweapons:cobalt_pike":10,"minecraft:stone_pickaxe":262,"minecraft:wooden_pickaxe":15,"croptopia:pineapple":1,"minecraft:crafting_table":6,"simplyswords:iron_greathammer":237,"croptopia:nectarine":9,"minecraft:apple":6,"minecraft:bread":10,"minecraft:melon_slice":36,"minecraft:iron_pickaxe":219,"minecraft:wooden_sword":4,"minecraft:cobblestone":13,"minecraft:porkchop":16},"minecraft:killed":{"minecraft:spider":8,"minecraft:skeleton":13,"minecraft:bee":1,"minecraft:chicken":19,"minecraft:parrot":1,"minecraft:pig":14,"minecraft:salmon":4,"minecraft:bat":2,"minecraft:creeper":3,"minecraft:sheep":11,"minecraft:pillager":20,"minecraft:zombie":16,"minecraft:cow":8}},"DataVersion":3465}