{"stats":{"minecraft:custom":{"minecraft:mob_kills":42,"minecraft:interact_with_crafting_table":25,"minecraft:open_barrel":3,"minecraft:leave_game":1,"minecraft:time_since_death":8117,"minecraft:climb_one_cm":3353,"minecraft:sprint_one_cm":523678,"minecraft:walk_one_cm":511817,"minecraft:damage_blocked_by_shield":210,"minecraft:drop":14,"minecraft:damage_dealt_absorbed":68,"minecraft:play_time":89764,"minecraft:deaths":2,"minecraft:sneak_time":26,"minecraft:walk_under_water_one_cm":14132,"minecraft:jump":1839,"minecraft:walk_on_water_one_cm":32915,"minecraft:total_world_time":89764,"minecraft:interact_with_furnace":25,"minecraft:sleep_in_bed":5,"minecraft:time_since_rest":1882,"minecraft:damage_taken":1614,"minecraft:damage_dealt":6459,"minecraft:swim_one_cm":4127,"minecraft:fly_one_cm":575885,"minecraft:open_chest":23,"minecraft:crouch_one_cm":177,"minecraft:fall_one_cm":55891},"minecraft:picked_up":{"minecraft:cocoa_beans":6,"minecraft:crafting_table":3,"minecraft:wheat":3,"vinery:red_grape":2,"minecraft:chicken":3,"croptopia:cinnamon_log":2,"vinery:red_grape_seeds":3,"immersiveweapons:iron_panel":1,"minecraft:beetroot":3,"minecraft:beef":14,"minecraft:melon_slice":103,"minecraft:sugar_cane":3,"minecraft:egg":2,"minecraft:raw_iron":8,"immersiveweapons:flintlock_pistol":1,"minecraft:torch":1,"croptopia:rhubarb_seed":4,"minecraft:porkchop":14,"croptopia:vanilla":1,"minecraft:pointed_dripstone":1,"minecraft:diorite":6,"minecraft:carrot":9,"immersiveweapons:copper_ring":1,"croptopia:coffee_seed":1,"minecraft:arrow":4,"minecraft:rotten_flesh":10,"minecraft:beetroot_seeds":7,"croptopia:rhubarb":2,"minecraft:iron_block":4,"croptopia:vanilla_seeds":2,"minecraft:mutton":1,"croptopia:garlic_seed":1,"minecraft:white_wool":1,"minecraft:cobblestone":17,"minecraft:birch_log":6,"minecraft:feather":2,"minecraft:jungle_log":5,"minecraft:andesite":1,"minecraft:black_bed":2,"minecraft:leather":6,"minecraft:potato":12,"minecraft:birch_planks":6,"iceandfire:ectoplasm":2,"minecraft:gunpowder":4,"minecraft:lapis_lazuli":16,"minecraft:dirt":11,"knightquest:ratman_eye":1,"croptopia:garlic":1,"minecraft:bone":4,"minecraft:wheat_seeds":13,"croptopia:pineapple":1,"croptopia:turnip_seed":2,"minecraft:moss_block":5,"minecraft:jungle_planks":3,"croptopia:turnip":1,"croptopia:coffee_beans":1,"minecraft:polished_diorite":1,"croptopia:pineapple_seed":1,"knightquest:small_essence":3,"minecraft:coal":16,"iceandfire:raw_silver":7},"minecraft:killed":{"minecraft:spider":3,"minecraft:skeleton":4,"minecraft:chicken":3,"minecraft:pig":8,"minecraft:zombie_villager":1,"minecraft:creeper":2,"minecraft:sheep":1,"minecraft:zombie":11,"iceandfire:ghost":2,"minecraft:cow":6},"minecraft:crafted":{"minecraft:wooden_sword":1,"minecraft:cooked_chicken":3,"minecraft:furnace":1,"minecraft:bone_meal":6,"minecraft:iron_boots":1,"minecraft:stone_pickaxe":1,"epicfight:iron_greatsword":1,"minecraft:cooked_beef":14,"minecraft:cooked_porkchop":14,"iceandfire:silver_ingot":7,"minecraft:crafting_table":1,"minecraft:wooden_pickaxe":1,"minecraft:bucket":1,"minecraft:birch_planks":24,"minecraft:air":0,"minecraft:jungle_planks":20,"iceandfire:armor_silver_metal_helmet":1,"minecraft:iron_chestplate":1,"minecraft:shield":1,"minecraft:stick":16,"minecraft:iron_ingot":44,"minecraft:iron_pickaxe":1,"minecraft:stone_sword":1,"minecraft:iron_leggings":1,"minecraft:torch":16},"minecraft:mined":{"iceandfire:silver_ore":7,"gravestone:gravestone":2,"minecraft:grass_block":1,"minecraft:jungle_planks":3,"minecraft:jungle_log":5,"croptopia:coffee_crop":1,"minecraft:polished_diorite":1,"minecraft:carrots":3,"minecraft:iron_ore":8,"minecraft:andesite":1,"minecraft:potatoes":3,"croptopia:rhubarb_crop":2,"croptopia:elderberry_crop":1,"minecraft:stone":16,"minecraft:iron_block":4,"croptopia:turnip_crop":1,"minecraft:crafting_table":3,"minecraft:torch":1,"vinery:red_grape_bush":1,"croptopia:cinnamon_log":2,"croptopia:garlic_crop":1,"minecraft:melon":21,"minecraft:tall_grass":6,"minecraft:cobblestone":2,"minecraft:lapis_ore":3,"minecraft:sugar_cane":1,"minecraft:diorite":5,"minecraft:birch_planks":7,"croptopia:pineapple_crop":1,"minecraft:birch_log":6,"minecraft:wheat":3,"minecraft:birch_leaves":1,"minecraft:black_bed":1,"minecraft:grass":9,"minecraft:coal_ore":16,"minecraft:beetroots":3,"minecraft:cocoa":2,"minecraft:dirt":1,"minecraft:fern":5},"minecraft:used":{"minecraft:stone_sword":58,"minecraft:shield":10,"minecraft:torch":2,"minecraft:dirt":11,"minecraft:jungle_planks":2,"epicfight:iron_greatsword":48,"croptopia:turnip":1,"minecraft:furnace":1,"minecraft:diorite":3,"minecraft:birch_planks":5,"minecraft:stone_pickaxe":43,"minecraft:wooden_pickaxe":42,"croptopia:rhubarb":2,"croptopia:pineapple":1,"minecraft:crafting_table":4,"minecraft:black_bed":2,"minecraft:apple":2,"minecraft:melon_slice":66,"minecraft:wooden_sword":47,"minecraft:cobblestone":4,"minecraft:cooked_porkchop":7},"minecraft:broken":{"minecraft:wooden_sword":1},"minecraft:dropped":{"croptopia:pineapple_seed":1,"croptopia:garlic_seed":1,"croptopia:turnip_seed":2,"minecraft:wheat_seeds":1,"croptopia:vanilla_seeds":2,"minecraft:diorite":2,"croptopia:coffee_beans":1,"croptopia:coffee_seed":1,"minecraft:rotten_flesh":4,"croptopia:rhubarb_seed":4,"minecraft:andesite":1}},"DataVersion":3465}