{"stats":{"minecraft:killed":{"minecraft:witch":1,"minecraft:spider":4,"minecraft:skeleton":6,"minecraft:chicken":4,"immersiveweapons:dying_soldier":1,"minecraft:pig":8,"minecraft:zombie_villager":1,"minecraft:creeper":2,"minecraft:sheep":1,"minecraft:zombie":21,"iceandfire:ghost":2,"minecraft:cow":10},"minecraft:custom":{"minecraft:mob_kills":62,"minecraft:interact_with_crafting_table":31,"minecraft:open_barrel":3,"minecraft:leave_game":2,"minecraft:time_since_death":25429,"minecraft:climb_one_cm":3353,"minecraft:sprint_one_cm":644563,"minecraft:walk_one_cm":608267,"minecraft:damage_blocked_by_shield":275,"minecraft:drop":37,"minecraft:damage_dealt_absorbed":68,"minecraft:play_time":107076,"minecraft:deaths":2,"minecraft:sneak_time":37,"minecraft:walk_under_water_one_cm":17938,"minecraft:jump":2143,"minecraft:walk_on_water_one_cm":38818,"minecraft:total_world_time":107076,"minecraft:interact_with_furnace":27,"minecraft:sleep_in_bed":7,"minecraft:time_since_rest":11891,"minecraft:damage_taken":1886,"minecraft:damage_dealt":9781,"minecraft:swim_one_cm":8781,"minecraft:fly_one_cm":673697,"minecraft:open_chest":35,"minecraft:crouch_one_cm":381,"minecraft:fall_one_cm":64633},"minecraft:crafted":{"minecraft:wooden_sword":1,"minecraft:cooked_chicken":3,"minecraft:furnace":1,"minecraft:bone_meal":6,"minecraft:iron_boots":1,"minecraft:stone_pickaxe":1,"epicfight:iron_greatsword":1,"minecraft:chest":1,"minecraft:cooked_beef":14,"knightquest:great_essence":1,"sophisticatedbackpacks:backpack":1,"iceandfire:silver_ingot":7,"minecraft:cooked_porkchop":14,"minecraft:crafting_table":1,"minecraft:wooden_pickaxe":1,"minecraft:bucket":1,"minecraft:birch_planks":24,"minecraft:air":0,"minecraft:jungle_planks":20,"iceandfire:armor_silver_metal_helmet":1,"minecraft:iron_chestplate":1,"minecraft:shield":1,"minecraft:stick":16,"minecraft:iron_ingot":44,"minecraft:iron_pickaxe":1,"minecraft:stone_sword":1,"minecraft:iron_leggings":1,"minecraft:torch":16},"minecraft:used":{"minecraft:stone_sword":58,"minecraft:shield":12,"minecraft:torch":2,"minecraft:dirt":11,"minecraft:jungle_planks":2,"epicfight:iron_greatsword":99,"croptopia:turnip":1,"minecraft:furnace":1,"minecraft:diorite":3,"minecraft:birch_planks":5,"minecraft:stone_pickaxe":43,"minecraft:wooden_pickaxe":42,"croptopia:rhubarb":2,"croptopia:pineapple":1,"minecraft:crafting_table":4,"minecraft:black_bed":2,"minecraft:apple":2,"minecraft:bread":2,"minecraft:melon_slice":68,"minecraft:wooden_sword":47,"minecraft:cobblestone":4,"minecraft:cooked_porkchop":10},"minecraft:broken":{"minecraft:wooden_sword":1},"minecraft:mined":{"iceandfire:silver_ore":7,"gravestone:gravestone":2,"minecraft:grass_block":1,"minecraft:jungle_planks":3,"minecraft:jungle_log":5,"croptopia:coffee_crop":1,"minecraft:polished_diorite":1,"minecraft:carrots":3,"minecraft:iron_ore":8,"minecraft:andesite":1,"minecraft:potatoes":3,"croptopia:rhubarb_crop":2,"croptopia:elderberry_crop":1,"minecraft:stone":16,"minecraft:iron_block":4,"minecraft:crafting_table":3,"croptopia:turnip_crop":1,"minecraft:torch":1,"vinery:red_grape_bush":1,"croptopia:cinnamon_log":2,"croptopia:garlic_crop":1,"minecraft:melon":21,"minecraft:tall_grass":6,"minecraft:cobblestone":2,"minecraft:lapis_ore":3,"minecraft:sugar_cane":1,"minecraft:diorite":5,"minecraft:birch_planks":7,"croptopia:pineapple_crop":1,"minecraft:birch_log":6,"minecraft:wheat":3,"minecraft:birch_leaves":1,"minecraft:black_bed":1,"minecraft:grass":10,"minecraft:coal_ore":16,"minecraft:beetroots":3,"minecraft:cocoa":2,"minecraft:dirt":1,"minecraft:fern":5},"minecraft:dropped":{"croptopia:pineapple_seed":1,"croptopia:garlic_seed":1,"croptopia:turnip_seed":2,"minecraft:wheat_seeds":1,"croptopia:vanilla_seeds":2,"minecraft:feather":2,"minecraft:leather":2,"minecraft:diorite":2,"gravestone:obituary":1,"croptopia:coffee_beans":1,"croptopia:coffee_seed":1,"minecraft:bone":1,"minecraft:birch_sapling":1,"minecraft:rotten_flesh":20,"croptopia:rhubarb_seed":4,"minecraft:andesite":1,"minecraft:bow":1,"minecraft:wooden_pickaxe":1},"minecraft:picked_up":{"minecraft:cocoa_beans":6,"vinery:red_grape":2,"minecraft:crafting_table":3,"minecraft:wheat":3,"minecraft:chicken":4,"croptopia:cinnamon_log":2,"vinery:red_grape_seeds":3,"minecraft:string":4,"immersiveweapons:iron_panel":1,"minecraft:beetroot":3,"minecraft:beef":23,"minecraft:melon_slice":103,"minecraft:sugar_cane":3,"minecraft:birch_sapling":1,"minecraft:egg":2,"minecraft:raw_iron":8,"immersiveweapons:flintlock_pistol":1,"minecraft:torch":1,"croptopia:rhubarb_seed":4,"minecraft:porkchop":14,"croptopia:vanilla":1,"minecraft:pointed_dripstone":1,"minecraft:diorite":6,"minecraft:carrot":9,"immersiveweapons:copper_ring":1,"croptopia:coffee_seed":1,"minecraft:arrow":5,"minecraft:rotten_flesh":26,"minecraft:beetroot_seeds":7,"croptopia:rhubarb":2,"minecraft:iron_block":4,"croptopia:vanilla_seeds":2,"minecraft:mutton":1,"croptopia:garlic_seed":1,"minecraft:white_wool":1,"minecraft:cobblestone":17,"minecraft:birch_log":6,"minecraft:feather":4,"minecraft:andesite":1,"minecraft:jungle_log":5,"minecraft:black_bed":2,"minecraft:leather":9,"minecraft:potato":12,"minecraft:birch_planks":6,"iceandfire:ectoplasm":2,"minecraft:gunpowder":4,"minecraft:lapis_lazuli":16,"minecraft:dirt":22,"croptopia:garlic":1,"knightquest:ratman_eye":1,"minecraft:bone":5,"minecraft:bow":1,"minecraft:wheat_seeds":13,"croptopia:pineapple":1,"croptopia:turnip_seed":2,"minecraft:moss_block":5,"immersiveweapons:iron_musket_ball":4,"minecraft:jungle_planks":3,"croptopia:coffee_beans":1,"croptopia:turnip":1,"minecraft:spider_eye":1,"minecraft:polished_diorite":1,"croptopia:pineapple_seed":1,"knightquest:small_essence":6,"minecraft:coal":16,"iceandfire:raw_silver":7}},"DataVersion":3465}