{"stats":{"minecraft:killed_by":{"minecraft:player":1},"minecraft:custom":{"minecraft:time_since_rest":173,"minecraft:sprint_one_cm":60771,"minecraft:damage_taken":413,"minecraft:walk_one_cm":111050,"minecraft:mob_kills":3,"minecraft:damage_dealt":584,"minecraft:interact_with_crafting_table":3,"minecraft:fly_one_cm":13885,"minecraft:crouch_one_cm":430,"minecraft:play_time":11842,"minecraft:deaths":1,"minecraft:sneak_time":33,"minecraft:jump":148,"minecraft:leave_game":1,"minecraft:time_since_death":0,"minecraft:total_world_time":11842,"minecraft:fall_one_cm":2156},"minecraft:crafted":{"minecraft:crafting_table":1,"minecraft:spruce_planks":52,"minecraft:stick":12,"minecraft:wooden_pickaxe":1,"minecraft:stone_pickaxe":1,"minecraft:wooden_axe":1,"minecraft:stone_sword":1},"minecraft:mined":{"croptopia:barley_crop":1,"croptopia:strawberry_crop":1,"minecraft:spruce_log":16,"minecraft:crafting_table":2,"croptopia:squash_crop":1,"minecraft:grass_block":1,"minecraft:dirt":7,"minecraft:spruce_leaves":1,"minecraft:stone":20},"minecraft:picked_up":{"minecraft:crafting_table":2,"croptopia:barley_seed":1,"minecraft:spruce_log":16,"immersiveweapons:copper_ring":1,"minecraft:string":1,"croptopia:strawberry":1,"minecraft:dirt":8,"croptopia:barley":1,"croptopia:squash_seed":2,"croptopia:strawberry_seed":1,"croptopia:squash":1,"minecraft:cobblestone":20},"minecraft:killed":{"minecraft:skeleton":1,"minecraft:zombie":1,"minecraft:spider":1},"minecraft:used":{"minecraft:wooden_axe":11,"minecraft:stone_sword":20,"minecraft:wooden_pickaxe":20,"minecraft:dirt":6,"minecraft:crafting_table":2,"croptopia:squash":1,"croptopia:strawberry":1}},"DataVersion":3465}