{"stats":{"minecraft:custom":{"minecraft:interact_with_furnace":10,"minecraft:mob_kills":23,"minecraft:interact_with_crafting_table":10,"minecraft:open_barrel":1,"minecraft:interact_with_loom":1,"minecraft:leave_game":1,"minecraft:time_since_death":43975,"minecraft:sleep_in_bed":2,"minecraft:climb_one_cm":7999,"minecraft:time_since_rest":22283,"minecraft:sprint_one_cm":332272,"minecraft:damage_taken":1115,"minecraft:walk_one_cm":348808,"minecraft:drop":8,"minecraft:damage_dealt":2411,"minecraft:fly_one_cm":198531,"minecraft:open_chest":4,"minecraft:crouch_one_cm":1472,"minecraft:play_time":53923,"minecraft:deaths":2,"minecraft:sneak_time":309,"minecraft:walk_under_water_one_cm":8191,"minecraft:jump":1033,"minecraft:walk_on_water_one_cm":12902,"minecraft:total_world_time":53923,"minecraft:fall_one_cm":21213},"minecraft:picked_up":{"minecraft:nautilus_shell":1,"minecraft:birch_log":6,"minecraft:crafting_table":2,"minecraft:wheat":3,"minecraft:feather":2,"minecraft:chicken":1,"croptopia:grape_seed":1,"minecraft:leather":7,"immersiveweapons:copper_axe":1,"minecraft:potato":12,"immersiveweapons:pliers":1,"immersiveweapons:wall_shelf":1,"croptopia:walnut":1,"minecraft:string":4,"minecraft:dirt":25,"croptopia:cantaloupe":1,"minecraft:raw_copper":25,"minecraft:bone":3,"minecraft:wheat_seeds":8,"croptopia:tomato_seed":6,"minecraft:beef":12,"croptopia:tomato":3,"croptopia:coconut":1,"minecraft:melon_slice":68,"minecraft:chest":1,"minecraft:birch_sapling":1,"minecraft:furnace":1,"minecraft:egg":1,"minecraft:raw_iron":10,"minecraft:stick":2,"bakery:strawberry":1,"immersiveweapons:copper_sword":1,"minecraft:torch":8,"croptopia:blackberry_seed":2,"croptopia:blackberry":1,"minecraft:porkchop":9,"minecraft:carrot":10,"immersiveweapons:iron_panel_bars":4,"minecraft:spider_eye":3,"croptopia:grape":1,"minecraft:arrow":2,"croptopia:cantaloupe_seed":2,"minecraft:gold_ingot":1,"minecraft:black_wool":1,"minecraft:mutton":9,"minecraft:coal":57,"minecraft:white_wool":7,"minecraft:cobblestone":52},"minecraft:killed":{"minecraft:pig":4,"minecraft:spider":4,"minecraft:skeleton":1,"minecraft:sheep":6,"minecraft:chicken":1,"minecraft:cow":6},"minecraft:crafted":{"sophisticatedbackpacks:backpack":1,"minecraft:crafting_table":2,"minecraft:wooden_pickaxe":1,"minecraft:furnace":1,"minecraft:birch_planks":24,"minecraft:bread":1,"minecraft:cooked_mutton":6,"minecraft:air":0,"minecraft:stick":4,"minecraft:stone_pickaxe":1,"minecraft:stone_sword":1,"minecraft:white_bed":1,"minecraft:torch":4},"minecraft:mined":{"minecraft:jungle_leaves":1,"minecraft:torch":2,"minecraft:crafting_table":2,"gravestone:gravestone":2,"bakery:wild_strawberries":1,"minecraft:grass_block":11,"minecraft:melon":13,"minecraft:chest":1,"minecraft:rose_bush":1,"immersiveweapons:iron_panel_bars":2,"minecraft:copper_ore":7,"minecraft:wall_torch":6,"immersiveweapons:wall_shelf":2,"minecraft:furnace":1,"minecraft:carrots":3,"minecraft:wheat":3,"minecraft:birch_log":6,"minecraft:iron_ore":10,"minecraft:grass":5,"minecraft:potatoes":3,"minecraft:coal_ore":44,"minecraft:dirt":11,"minecraft:stone":50,"minecraft:oak_leaves":1},"minecraft:used":{"croptopia:coconut":1,"croptopia:grape":1,"minecraft:cooked_mutton":6,"minecraft:stone_sword":63,"croptopia:tomato":2,"minecraft:stone_pickaxe":60,"minecraft:wooden_pickaxe":59,"minecraft:torch":11,"minecraft:dirt":25,"minecraft:crafting_table":4,"bakery:strawberry":1,"minecraft:white_bed":1,"minecraft:bread":4,"minecraft:melon_slice":9,"minecraft:birch_sapling":1,"minecraft:cobblestone":19,"minecraft:furnace":2,"croptopia:blackberry":1,"minecraft:egg":1,"croptopia:cantaloupe":1},"minecraft:broken":{"minecraft:wooden_pickaxe":1},"minecraft:dropped":{"immersiveweapons:iron_panel_bars":4,"minecraft:feather":2,"immersiveweapons:wall_shelf":1,"croptopia:grape_seed":1,"croptopia:cantaloupe_seed":2,"minecraft:black_wool":1}},"DataVersion":3465}