[
  {
    "name": "Dilwen",
    "uuid": "03cae035-53f9-388a-9c42-0a875372e98e"
  },
  {
    "name": "seppukuren",
    "uuid": "9430f42d-8a64-3a44-b9de-67b5ad560ee6"
  },
  {
    "name": "Zestrumed841",
    "uuid": "41896c93-3767-3ce7-91aa-67b7c3d994b8"
  },
  {
    "name": "AisaacowO",
    "uuid": "1a6ada3b-bfab-3413-ba61-f48110f08981"
  },
  {
    "name": "Waipsico",
    "uuid": "4088fe79-4ad9-37dc-af8d-0dd757cf3381"
  },
  {
    "name": "nyalvaro",
    "uuid": "e4a57555-127c-3c97-b795-3bc64afca340"
  },
  {
    "name": "Luluu_",
    "uuid": "723af415-c5fb-3f66-9174-88df237c8958"
  }
]